1,Banana,2019-05-11,54.22,37,34
2,Gothic¬Æ 3,2021-06-13,17.0,22,39
3,Neverwinter Nights: Enhanced Edition,2022-11-22,66.4,8,2
4,Train Simulator Classic 2024,2024-11-30,20.63,21,6
5,Core Keeper,2018-03-19,42.92,9,16
6,Trigger of Time,2024-09-30,55.2,20,25
7,MechWarrior Online‚Ñ¢ Legends,2024-04-01,50.46,20,16 
8,Fields of Mistria,2023-10-20,25.94,36,27 
9,Street Fighter‚Ñ¢ 6 - Open Beta,2022-02-25,9.45,14,2 
10,Ultimate Custom Night,2018-01-14,61.93,34,27 
11,STAR WARS Jedi: Fallen Order‚Ñ¢,2020-02-20,32.43,13,4 
12,Garten of Banban,2024-02-26,10.32,20,21 
13,A Bird Story,2020-09-04,45.87,32,15 
14,The Elder Scrolls¬Æ Online,2022-03-29,38.51,1,29 
15,Sally Face - Episode One,2021-09-18,45.96,31,28 
16,Vanquish,2022-10-29,43.96,24,7
17,The Complex: Found Footage,2020-02-19,65.12,40,7
18,Phantasy Star Online 2 New Genesis,2020-03-10,11.14,30,40
19,Thronebreaker: The Witcher Tales,2017-09-04,13.71,38,2
20,The Elder Scrolls V: Skyrim VR,2020-04-03,62.26,10,37
21,Life is Strange 2,2019-04-11,33.92,25,2
22,DARK SOULS‚Ñ¢ II: Scholar of the First Sin,2023-11-07,49.19,27,5
23,Escape Room - Der kranke Kollege,2023-02-04,69.54,9,36
24,Spyro‚Ñ¢ Reignited Trilogy,2023-08-04,39.71,33,8 
25,The Infected,2023-09-25,51.72,40,5 
26,DEATHLOOP,2020-07-23,28.83,40,25 
27,Aliens: Fireteam Elite,2017-10-31,6.03,12,11 
28,Quantum Break,2024-07-11,27.12,4,17 
29,Sherlock Holmes: Crimes and Punishments,2025-05-16,42.21,40,5 
30,Reign Of Kings,2022-03-06,13.02,16,35 
31,Radical Heights,2019-05-17,29.59,29,19 
32,Warhammer 40,000: Dawn of War II - Anniversary Edition,2022-04-09,61.97,6,15
33,Space Hulk: Deathwing Enhanced Edition,2025-03-31,12.2,22,13 
34,This War of Mine,2018-09-29,26.84,3,38 
35,Everlasting Summer,2023-02-08,43.28,11,1 
36,WILD HEARTS‚Ñ¢,2021-11-06,41.41,25,39 
37,Walking Simulator,2018-06-16,52.76,18,23 
38,Breathedge,2017-12-07,24.45,34,11 
39,Cultivation Tales,2021-09-21,21.67,5,12 
40,Mortal Kombat 1,2021-05-29,61.47,21,32 
41,Battlefield‚Ñ¢ 1,2022-02-10,63.82,26,25 
42,Wo Long: Fallen Dynasty,2019-11-27,43.74,6,25 
43,Assassin's Creed¬Æ Revelations,2018-10-05,68.79,24,30 
44,Genital Jousting,2024-08-18,47.68,19,37 
45,Crime Scene Cleaner,2019-03-21,63.07,39,4 
46,New World: Aeternum,2022-11-13,6.44,24,12 
47,World War 3,2020-11-06,14.47,21,29 
48,Valley,2021-08-24,37.17,8,5 
49,GreedFall,2025-02-13,22.68,14,38 
50,Total War: ROME REMASTERED,2017-11-20,49.26,1,33 
51,Beholder,2022-08-15,45.27,35,18 
52,The Callisto Protocol‚Ñ¢,2024-10-25,28.44,2,33 
53,The Witcher 3: Wild Hunt,2020-03-13,11.13,6,39 
54,Construction Simulator,2017-08-03,67.45,2,26 
55,Feed and Grow: Fish,2024-08-16,19.28,33,31 
56,Eternal Return,2022-11-11,43.02,39,19 
57,STEINS GATE,2018-12-17,41.75,6,28
58,Hitman: Absolution‚Ñ¢,2018-05-19,21.85,25,28 
59,AirMech,2020-11-21,25.54,3,24 
60,Amnesia: The Bunker,2023-05-16,53.01,8,33 
61,DARK SOULS‚Ñ¢: REMASTERED,2022-08-31,17.16,30,14 
62,College Kings - The Complete Season,2017-07-12,51.4,34,25 
63,Shadows of Doubt,2018-04-02,55.35,33,31 
64,What Remains of Edith Finch,2024-09-02,27.65,1,25 
65,Warhammer 40,000: Chaos Gate - Daemonhunters,2024-02-11,42.94,27,9
66,Call of Duty¬Æ: Black Ops 6,2018-03-09,44.84,22,27 
67,Murdered: Soul Suspect,2022-02-03,16.16,5,2 
68,BRAIN / OUT,2022-01-22,53.55,19,32 
69,Kerbal Space Program 2,2017-11-26,8.21,19,24 
70,Dust: An Elysian Tail,2021-03-27,52.43,26,12 
71,We Were Here Forever,2017-09-20,5.65,32,34 
72,Battlefield‚Ñ¢ 2042,2019-08-29,68.89,34,39 
73,DEVOUR,2022-12-27,45.35,33,13 
74,APB Reloaded,2020-02-24,13.27,22,6 
75,DRAGON BALL FighterZ,2022-08-22,19.84,22,19 
76,Melatonin,2021-03-23,46.19,31,16 
77,DRAGON QUEST¬Æ XI S: Echoes of an Elusive Age‚Ñ¢ - Definitive Edition,2018-06-16,39.98,29,26 
78,The Beast Inside,2021-12-25,49.45,39,33 
79,Fall Guys,2020-06-10,17.64,18,6 
80,Risk of Rain Returns,2019-06-05,58.28,22,4 
81,Gunfire Reborn,2021-07-14,11.83,32,6 
82,Battle Teams 2,2020-02-21,17.81,17,14 
83,XCOM¬Æ 2,2020-06-30,7.98,4,32 
84,Yuppie Psycho: Executive Edition,2021-11-19,27.05,5,17 
85,System Shock¬Æ 2 (Classic),2019-06-07,29.12,19,16 
86,We Happy Few,2024-02-23,27.72,32,17 
87,Chinese Parents,2025-05-17,36.62,1,35 
88,Heroes of Hammerwatch,2017-11-25,26.37,4,28 
89,Hurtworld,2020-03-10,14.38,13,10 
90,shapez 2,2017-11-21,30.73,28,2 
91,Grand Theft Auto IV: The Complete Edition,2019-12-31,51.11,20,20 
92,Prototype 2,2020-08-03,22.72,34,10 
93,Rise to Ruins,2023-04-28,53.4,37,16 
94,Cruelty Squad,2022-07-22,33.95,17,20 
95,EVERSPACE‚Ñ¢ 2,2023-03-08,68.91,21,19 
96,IXION,2023-07-11,40.97,6,28 
97,Streamer Life Simulator,2022-06-17,49.23,25,34 
98,FUCK HITLER,2019-01-08,11.06,17,29 
99,Firework,2020-08-22,7.2,8,2 
100,Crazy Machines 3,2022-08-02,47.95,4,10 
101,Total War: WARHAMMER III,2021-08-23,55.46,16,24 
102,Starfield,2017-08-10,42.39,12,37 
103,Halo: The Master Chief Collection,2023-11-22,30.73,4,17 
104,Tiny Glade,2025-05-05,48.72,2,31 
105,Stardew Valley,2020-12-13,8.88,27,21 
106,Insurgency,2017-07-05,48.34,37,17 
107,Dark Deception,2021-03-20,57.75,6,12 
108,Reventure,2024-02-10,8.03,14,24 
109,XCOM¬Æ: Chimera Squad,2020-06-11,39.75,9,28 
110,DYNASTY WARRIORS 9,2023-05-08,62.13,22,15 
111,Age of History II,2019-06-26,60.15,24,3 
112,Diablo¬Æ IV,2024-10-23,10.46,39,7 
113,Conqueror's Blade,2018-12-20,29.57,12,33 
114,Bro Falls,2019-02-08,69.05,13,2 
115,Mirror's Edge‚Ñ¢ Catalyst,2022-10-02,63.67,20,5 
116,Superflight,2023-02-28,41.97,18,11 
117,LEGO¬Æ Marvel Super Heroes 2,2019-10-21,6.71,8,30 
118,Kalpa of Sword,2021-12-03,36.22,40,4 
119,My Time at Sandrock,2017-08-15,19.09,8,3 
120,Combat Master: Season 3,2018-01-22,22.83,36,27 
121,Trackmania,2023-02-10,12.25,8,19 
122,Elite Dangerous,2022-03-27,20.87,33,19 
123,Project Zomboid,2023-05-15,38.71,13,29 
124,Getting Over It with Bennett Foddy,2024-09-07,39.59,33,5 
125,Craftopia,2024-03-10,23.69,12,40 
126,Fable - The Lost Chapters,2023-07-26,25.19,3,19 
127,High On Life,2021-06-09,50.56,3,4 
128,Duck Game,2021-07-23,46.5,8,39 
129,MiSide,2019-08-19,5.8,28,17 
130,Death's Door,2023-03-25,40.57,6,24 
131,Liftoff¬Æ: FPV Drone Racing,2022-05-08,51.22,13,13 
132,Hot Dogs, Horseshoes & Hand Grenades,2020-04-04,58.87,24,4
133,HITMAN World of Assassination,2022-02-26,41.27,29,10 
134,Alan Wake's American Nightmare,2021-11-28,7.4,1,14 
135,Age of Mythology: Extended Edition,2021-04-22,27.38,24,27 
136,Lucius,2017-12-14,56.54,38,29 
137,An Arcade Full of Cats,2022-07-26,62.07,17,21 
138,FINAL FANTASY VII REBIRTH,2017-07-13,48.23,15,9 
139,There Is No Game: Wrong Dimension,2023-02-06,29.46,16,1 
140,One Piece Pirate Warriors 3,2021-02-26,36.56,28,37 
141,Serena,2017-07-11,45.43,21,20 
142,The Planet Crafter,2021-01-24,16.53,27,11 
143,Shadowverse CCG,2021-01-02,6.7,8,40 
144,Transport Fever,2021-10-10,61.65,31,39 
145,Mass Effect‚Ñ¢ Legendary Edition,2019-11-10,50.67,11,21 
146,Warhammer 40,000: Dawn of War III,2023-08-28,18.94,23,3
147,SYNTHETIK: Legion Rising,2020-01-15,68.89,21,16 
148,UNDEFEATED,2021-10-30,6.33,20,24 
149,Thief,2018-02-13,27.38,32,5 
150,ÂóúË°ÄÂç∞ Bloody Spell,2023-10-22,67.25,14,21 
151,Call of Duty¬Æ: Black Ops Cold War,2022-01-06,9.18,32,18 
152,Turnip Boy Commits Tax Evasion,2025-04-11,54.27,33,24 
153,Antichamber,2020-08-27,17.44,22,27 
154,Warhammer 40,000: Inquisitor - Martyr,2024-08-26,53.74,8,35
155,King of Crabs,2022-06-22,23.05,19,20 
156,Attack on Titan 2 - A.O.T.2,2021-06-28,50.44,23,18 
157,Resident Evil 4,2021-03-24,54.05,36,27 
158,Generation Zero¬Æ,2020-04-20,24.33,19,29 
159,Nova Drift,2021-05-28,43.86,23,5 
160,Spelunky,2020-01-06,33.86,12,40 
161,Sid Meier's Civilization¬Æ: Beyond Earth‚Ñ¢,2018-01-09,27.87,24,37 
162,Call of Duty¬Æ: Black Ops,2020-09-03,9.96,27,18 
163,Tiny Bunny,2021-10-11,26.73,27,17 
164,Age of Empires II (Retired),2025-03-28,42.6,36,3 
165,FPS Chess,2025-02-03,50.4,37,5 
166,Dale & Dawson Stationery Supplies,2018-09-18,55.25,26,20 
167,Split Fiction,2020-07-01,17.48,32,24 
168,NEKOPARA Vol. 2,2024-12-15,61.35,27,6 
169,Railway Empire,2017-09-23,67.82,5,37 
170,Dagon: by H. P. Lovecraft,2020-08-02,52.81,30,34 
171,Outlast 2,2025-05-19,22.09,36,31 
172,Seen,2023-12-29,22.46,7,39 
173,The Universim,2023-09-10,65.54,7,28 
174,The Lab,2025-05-09,24.84,36,11 
175,Clustertruck,2018-01-03,53.08,14,11 
176,Impostor Factory,2024-01-12,49.02,31,34 
177,Do Not Feed the Monkeys,2021-12-23,66.13,28,16 
178,WORLD OF HORROR,2023-10-07,56.21,28,39 
179,Super Meat Boy,2018-09-07,21.09,23,9 
180,LEGO¬Æ Worlds,2018-02-09,9.47,19,23 
181,Deadlight,2017-11-16,30.49,25,23 
182,LIZARDS MUST DIE,2025-03-14,27.05,19,26 
183,Planetbase,2017-12-11,35.61,38,21 
184,Ryse: Son of Rome,2019-03-31,67.8,21,22 
185,Deadside,2017-11-04,22.65,11,9 
186,Nothing,2017-07-15,48.18,20,16 
187,In Silence,2024-12-14,7.22,19,25 
188,Stronghold Crusader HD (2012),2021-08-07,31.11,30,35 
189,Stellaris,2022-06-08,29.14,19,23 
190,Freestyle 2: Street Basketball,2022-01-01,19.47,11,17 
191,Helltaker,2019-11-04,41.51,16,36 
192,Avowed,2025-03-14,29.37,6,15 
193,Train Sim World¬Æ 2,2019-08-20,48.04,5,7 
194,The Plan,2018-01-17,6.22,25,26 
195,Bugsnax,2019-04-16,63.75,33,11 
196,Killing Floor 2,2025-04-10,18.65,6,21 
197,Injustice‚Ñ¢ 2,2020-08-14,22.34,15,18 
198,Danganronpa 2: Goodbye Despair,2019-05-14,57.63,30,29 
199,Kingdom Rush Origins - Tower Defense,2019-12-04,43.61,30,19 
200,Banana Shooter,2018-01-08,66.45,34,8 
201,Gothic II: Gold Edition,2022-10-17,66.64,32,37 
202,Last Epoch,2021-03-28,62.24,38,30 
203,100% Orange Juice,2021-09-07,56.36,29,17 
204,SURVIVAL: Postapocalypse Now,2017-07-29,19.55,8,24 
205,GWENT: The Witcher Card Game,2024-03-20,69.54,40,35 
206,Baldi's Basics Plus,2022-02-23,59.28,3,9 
207,The Outlast Trials,2022-11-15,66.76,23,38 
208,Crusader Kings II,2017-08-23,59.84,35,29 
209,Transistor,2025-05-01,9.13,25,8 
210,VRChat,2020-03-20,54.49,17,35 
211,Evil Genius 2: World Domination,2021-10-18,21.45,3,24 
212,The Forever Winter,2025-02-21,5.33,20,21 
213,Chivalry: Medieval Warfare,2025-02-10,5.63,32,10 
214,SUPERHOT VR,2020-05-29,9.51,11,24 
215,Darksiders‚Ñ¢,2021-05-12,67.74,39,6 
216,Wall World,2025-02-05,33.88,35,13 
217,Tree of Savior (English Ver.),2018-06-07,53.55,39,23 
218,My Friend Pedro,2019-03-10,64.76,39,4 
219,Might & Magic¬Æ Heroes¬Æ VII,2025-02-24,48.03,33,3 
220,Wizard101,2017-08-31,52.49,11,2 
221,ENDER LILIES: Quietus of the Knights,2019-07-14,7.01,28,34 
222,BAD END THEATER,2022-05-23,34.5,30,21 
223,STAR WARS‚Ñ¢: Battlefront Classic Collection,2021-06-06,30.4,9,23 
224,EA SPORTS‚Ñ¢ FIFA 21,2023-04-27,38.25,37,16 
225,Tricky Towers,2020-08-27,48.66,34,18 
226,Warlander,2017-09-18,56.95,1,24 
227,Marvel Rivals,2020-04-04,47.39,34,10 
228,Risk of Rain 2,2019-11-08,32.97,33,25 
229,Steep‚Ñ¢,2018-03-19,46.4,39,6 
230,House Flipper 2,2019-09-28,60.75,28,25 
231,Eastward,2019-06-02,36.16,3,18 
232,Scrap Mechanic,2022-11-22,45.36,3,11 
233,Mount & Blade: With Fire & Sword,2020-07-13,31.92,4,9 
234,Cultist Simulator,2022-05-01,44.04,7,3 
235,MORDHAU,2018-06-06,22.8,38,1 
236,Nuclear Nightmare,2021-01-09,33.24,29,21 
237,Eternal Senia,2018-12-23,30.16,25,26 
238,S.T.A.L.K.E.R.: Call of Pripyat,2022-10-23,34.92,25,8 
239,SpaceEngine,2020-12-21,57.76,33,13 
240,RollerCoaster Tycoon¬Æ: Deluxe,2018-08-11,64.35,13,8 
241,Satisfactory,2022-04-29,5.15,28,17 
242,Outcore: Desktop Adventure,2022-02-18,21.59,32,11 
243,Octodad: Dadliest Catch,2023-01-25,42.84,33,8 
244,Two Point Hospital,2017-09-25,18.61,35,7 
245,I Love You, Colonel Sanders! A Finger Lickin‚Äô Good Dating Simulator,2023-10-07,22.24,26,36
246,THE KING OF FIGHTERS XV,2021-05-06,61.9,20,24 
247,Titan Souls,2019-04-03,28.01,23,1 
248,Undisputed,2024-11-01,33.81,18,40 
249,Like a Dragon Gaiden: The Man Who Erased His Name,2017-09-22,12.98,6,23 
250,Resident Evil 4 (2005),2021-03-26,10.18,8,16 
251,Yume Nikki,2022-04-03,65.73,5,19 
252,ATRI -My Dear Moments-,2024-07-10,48.61,40,20 
253,Marco & The Galaxy Dragon,2021-04-16,31.05,39,33 
254,The Murder of Sonic the Hedgehog,2020-04-01,16.04,39,9 
255,The Messenger,2024-11-22,18.03,30,22 
256,Total War: WARHAMMER,2023-10-03,6.09,24,11 
257,Monster Hunter Stories 2: Wings of Ruin,2021-08-24,54.83,39,26 
258,Torchlight: Infinite,2019-06-09,38.47,21,38 
259,Hatred,2019-02-04,50.68,8,25 
260,Resident Evil 7 Biohazard,2022-06-06,17.67,13,23 
261,Tales of Arise,2021-10-24,42.94,10,25 
262,DISTRAINT: Deluxe Edition,2024-05-02,21.69,13,16 
263,Cookie Clicker,2023-04-26,18.33,18,35 
264,Tropico 5,2018-02-24,50.93,16,3 
265,Gas Station Simulator,2021-06-19,27.88,19,9 
266,Resident Evil 5,2018-10-23,48.29,5,3 
267,World of Tanks,2018-02-03,6.58,14,4 
268,Thymesia,2023-07-13,68.58,27,40 
269,Wolfenstein II: The New Colossus,2020-12-07,47.35,35,22 
270,EARTH DEFENSE FORCE 4.1 The Shadow of New Despair,2024-12-23,41.76,6,7 
271,My Summer Car,2024-06-18,45.31,6,15 
272,Summer Clover,2019-12-18,46.32,20,22 
273,Lobotomy Corporation | Monster Management Simulation,2024-08-21,62.17,21,13 
274,Line of Sight,2019-02-01,31.05,24,19 
275,Far Cry¬Æ 6,2018-05-01,53.99,9,19 
276,Naval Action,2020-09-30,36.21,6,10 
277,Ultra Street Fighter¬Æ IV,2018-02-27,67.31,16,10 
278,Ghostrunner 2,2021-02-04,68.52,32,15 
279,Bosch's Damnation,2024-07-30,47.28,15,13 
280,Until Then,2019-08-07,8.94,30,36 
281,Homeworld: Deserts of Kharak,2021-08-13,5.56,23,9 
282,Splitgate,2023-12-18,26.96,5,21 
283,Gorogoa,2022-05-18,65.12,2,30 
284,Call of Juarez: Gunslinger,2018-02-23,63.97,38,12 
285,Operation: Tango,2022-11-05,43.13,27,40 
286,Monster Hunter: World,2018-10-29,56.97,40,8 
287,Eastern Exorcist,2021-01-26,61.69,22,27 
288,Darkwood,2018-03-12,10.93,37,9 
289,Gujian3(Âè§ÂâëÂ•áË∞≠‰∏â),2023-08-30,11.64,13,13 
290,Maid Coser Airi-chan,2023-05-10,67.13,36,15 
291,AMID EVIL,2024-03-08,58.5,17,22 
292,Melvor Idle,2020-08-16,33.3,37,9 
293,Assassin's Creed Valhalla,2020-09-12,16.74,8,33 
294,VVVVVV,2024-07-19,47.94,12,31 
295,Ghostrunner,2024-01-12,60.6,32,17 
296,Crossout,2021-10-03,24.24,6,32 
297,Ultimate General: Civil War,2017-12-27,47.55,37,5 
298,PowerWash Simulator,2018-10-29,39.97,32,21 
299,FAR: Lone Sails,2018-07-04,51.93,38,1 
300,Senua‚Äôs Saga: Hellblade II,2021-11-03,50.03,2,9 
301,Ultimate Epic Battle Simulator,2019-12-21,23.39,18,40 
302,Company of Heroes 2,2019-10-18,59.52,9,6 
303,Azur Lane Crosswave,2022-02-15,37.71,10,7 
304,RuneScape ¬Æ,2024-07-14,30.54,39,15 
305,Arma 3,2021-05-08,54.73,33,2 
306,Book of Demons,2020-08-15,62.72,29,30 
307,Viscera Cleanup Detail,2017-11-05,47.28,8,7 
308,Path of Exile,2019-09-25,31.69,10,31 
309,Being a DIK - Season 1,2018-05-25,20.32,32,34 
310,BeamNG.drive,2024-04-17,56.35,2,40 
311,Goose Goose Duck,2020-12-20,15.37,2,32 
312,The Beginner's Guide,2021-08-07,7.02,26,33 
313,Double Action: Boogaloo,2022-11-04,23.14,35,9 
314,The Stanley Parable,2024-10-24,57.43,13,37 
315,A Way Out,2021-06-23,60.98,18,8 
316,Prey,2023-12-23,8.61,27,32 
317,Townscaper,2025-04-02,64.98,22,31 
318,Shadow of the Tomb Raider: Definitive Edition,2022-06-17,33.21,24,35 
319,Bean Battles,2020-11-10,54.33,40,27 
320,Forts,2021-06-06,11.89,38,29 
321,SUPERHOT,2023-06-26,52.24,37,14 
322,Shadow Tactics: Blades of the Shogun,2021-06-05,11.32,19,24 
323,Dungeon Defenders II,2022-11-04,14.02,33,20 
324,Assassin's Creed¬Æ Unity,2017-09-16,22.71,16,15 
325,Assassin‚Äôs Creed¬Æ III,2018-12-10,54.3,4,8 
326,State of Decay: YOSE,2018-03-04,53.87,5,11 
327,Drug Dealer Simulator,2021-12-28,45.83,20,40 
328,Idle Slayer,2022-08-16,53.14,4,28 
329,Stacklands,2021-08-24,60.34,2,13 
330,Shakes and Fidget,2017-12-17,55.51,37,13 
331,Six Days in Fallujah,2018-12-13,46.08,27,33 
332,WEBFISHING,2018-08-15,59.92,1,3 
333,Hollow Knight,2018-06-02,35.88,11,9 
334,RISK: Global Domination,2018-03-15,42.45,30,34 
335,Terra Nil,2018-12-07,30.25,14,28 
336,TEKKEN 7,2023-03-03,9.63,4,27 
337,A.V.A Global,2021-09-24,46.09,18,11 
338,Stay Out,2022-05-30,14.89,24,7 
339,FINAL FANTASY,2022-04-24,26.35,7,36 
340,OPUS: Echo of Starsong - Full Bloom Edition,2024-05-29,20.2,21,27 
341,FINAL FANTASY VII,2022-01-21,61.68,31,28 
342,Holdfast: Nations At War,2019-05-08,60.67,25,31 
343,Escape Simulator,2018-12-10,35.27,6,21 
344,Ravenous Devils,2021-03-20,40.72,2,14 
345,Amazing Frog?,2019-07-18,66.7,16,40 
346,DYNASTY WARRIORS: ORIGINS,2023-09-16,26.02,28,8 
347,Rising Storm 2: Vietnam,2019-07-12,29.27,11,2 
348,Pro Soccer Online,2017-09-12,67.33,5,38 
349,Hyper Light Drifter,2022-11-22,6.29,13,21 
350,She Will Punish Them,2022-08-03,53.32,16,15 
351,Assassin's Creed 2,2024-09-05,35.44,12,10 
352,Next Day: Survival,2025-03-09,52.77,18,10 
353,Surgeon Simulator,2021-07-05,41.48,3,37 
354,Super Crate Box,2020-10-24,58.32,21,36 
355,How to Survive,2020-05-04,38.44,31,11 
356,Ultimate Chicken Horse,2021-06-04,24.87,37,13 
357,PAYDAY 3,2017-09-06,68.36,32,14 
358,Demonologist,2024-12-15,66.44,1,18 
359,Yet Another Zombie Defense,2018-04-01,67.43,8,21 
360,TerraTech,2023-05-14,14.49,14,15 
361,Dragon Age: Origins - Ultimate Edition,2018-05-16,40.19,38,25 
362,We Were Here Too,2023-04-09,11.25,14,26 
363,Warhammer 40,000: Boltgun,2020-06-29,46.07,24,15
364,Lunacid,2019-06-19,49.71,14,9 
365,Don't Starve Together,2023-12-29,33.65,5,11 
366,Quaver,2022-03-09,57.63,12,14 
367,Warhammer: Vermintide Versus - Open Beta,2019-07-15,17.09,27,14 
368,PROJECT: PLAYTIME,2024-03-03,59.67,38,39 
369,Sword Art Online: Fatal Bullet,2024-12-22,7.16,23,16 
370,The Culling,2020-04-20,28.5,6,4 
371,Medieval Dynasty,2020-07-04,52.82,23,20 
372,Call of Cthulhu¬Æ,2018-08-19,36.08,25,35 
373,Dwarf Fortress,2020-10-20,19.59,5,1 
374,Arma Reforger,2022-09-24,57.26,31,35 
375,DRAGON BALL XENOVERSE,2022-11-30,31.54,32,15 
376,ROUNDS,2020-06-12,44.93,12,12 
377,R.E.P.O.,2019-06-10,19.03,35,27 
378,Dead Frontier 2,2019-08-04,28.43,28,16 
379,RAGE 2,2018-12-27,12.99,27,10 
380,Heat Signature,2021-06-14,57.31,11,14 
381,Dead Cells,2019-11-04,68.61,16,15 
382,Empyrion - Galactic Survival,2023-08-30,49.04,40,14 
383,Blade and Sorcery,2022-07-02,50.76,24,5 
384,It Takes Two,2019-09-27,25.07,26,29 
385,Far Cry¬Æ 5,2023-10-03,33.78,21,5 
386,The Tenants,2021-10-23,26.4,39,3 
387,Life is Strange - Episode 1,2022-02-06,20.74,3,18 
388,Last Year,2022-09-05,16.26,25,32 
389,Zup! 2,2024-01-30,68.06,34,39 
390,Geometry Dash,2021-02-19,31.25,8,23 
391,Tails of Iron,2019-04-11,10.66,28,28 
392,Indigo Park: Chapter 1,2022-02-08,17.45,23,18 
393,PC Building Simulator,2020-01-27,32.36,6,35 
394,Totally Accurate Battle Simulator,2021-07-23,28.33,20,33 
395,FOR HONOR‚Ñ¢,2024-12-10,5.49,25,10 
396,‰∏ã‰∏ÄÁ´ôÊ±üÊπñ‚Ö°,2018-08-13,19.31,18,36 
397,Tribes of Midgard,2022-04-05,9.6,1,6 
398,Assassin's Creed¬Æ Odyssey,2018-12-04,64.13,6,32 
399,Ironsight,2021-07-15,55.34,24,4 
400,Foundation,2023-12-13,13.24,32,28 
401,Library Of Ruina,2022-02-06,57.02,17,11 
402,DuckTales: Remastered,2024-07-06,44.63,39,13 
403,DOOM 3,2024-10-13,6.51,22,12 
404,Software Inc.,2019-08-11,33.54,4,35 
405,100 Asian Cats,2022-09-02,11.07,22,1 
406,Homefront¬Æ: The Revolution,2021-05-09,19.63,19,18 
407,Garfield Kart,2018-12-17,59.28,15,26 
408,Action Taimanin,2023-06-14,15.69,14,5 
409,CLANNAD,2020-10-12,42.02,13,27 
410,Citizen Sleeper,2019-02-19,67.28,3,38 
411,THE FINALS,2023-03-17,66.94,30,8 
412,INSIDE,2019-06-24,39.13,31,38 
413,‰∏âÂõΩ.ÂêçÂ∞Ü‰º†,2020-02-09,48.05,24,14 
414,Far Cry¬Æ 4,2019-03-20,66.42,7,3 
415,Phoenix Wright: Ace Attorney Trilogy,2023-05-14,68.78,16,36 
416,Borderlands 3,2022-05-17,37.52,19,13 
417,PAYDAY 2,2019-10-01,65.25,1,33 
418,Bulletstorm: Full Clip Edition,2019-01-02,41.55,35,24 
419,To the Moon,2023-07-12,47.81,9,22 
420,BLOCKPOST LEGACY,2023-06-01,12.45,17,26 
421,Endzone - A World Apart,2020-03-18,68.86,32,1 
422,Assetto Corsa Competizione,2018-09-05,17.58,33,13 
423,Longvinter,2022-04-18,21.77,1,8 
424,Vindictus,2022-11-17,12.58,29,29 
425,MELTY BLOOD: TYPE LUMINA,2020-07-21,49.57,15,28 
426,War Selection,2023-01-03,5.89,34,12 
427,BioShock‚Ñ¢ 2 Remastered,2020-04-16,20.02,1,30 
428,The WereCleaner,2022-11-17,64.94,22,38 
429,Mortal Online 2,2025-03-08,60.6,33,4 
430,Just Cause‚Ñ¢ 3,2020-11-09,12.81,18,11 
431,Supermarket Simulator,2019-09-13,57.37,33,18 
432,Night in the Woods,2017-07-18,35.23,31,25 
433,Against the Storm,2025-05-19,9.21,35,27 
434,Vegas Infinite by PokerStars,2018-04-07,37.54,32,20 
435,Dinkum,2018-05-08,23.1,12,27 
436,Divinity: Original Sin (Classic),2021-10-30,39.09,24,9 
437,KINGDOM HEARTS -HD 1.5+2.5 ReMIX-,2019-09-19,57.26,38,35 
438,Stronghold Kingdoms,2019-08-20,34.68,9,1 
439,BPM: BULLETS PER MINUTE,2023-03-01,50.79,2,20 
440,Little Inferno,2025-04-23,55.79,38,13 
441,BATTALION: Legacy,2025-03-27,29.51,8,37 
442,Worms Armageddon,2021-12-05,58.22,39,7 
443,Darksiders Genesis,2021-06-13,5.29,13,34 
444,Real Pool 3D - Poolians,2023-04-12,41.33,2,15 
445,The Front,2022-08-27,48.34,13,23 
446,Gothic Playable Teaser,2025-04-25,24.54,1,20 
447,20 Minutes Till Dawn,2021-10-31,36.63,27,22 
448,Middle-earth‚Ñ¢: Shadow of War‚Ñ¢,2023-05-05,59.37,15,2 
449,Cube World,2025-03-20,44.87,1,9 
450,BlazBlue Entropy Effect Beta,2021-10-04,8.02,27,36 
451,The Evil Within 2,2021-01-28,6.23,40,3 
452,Coral Island,2018-05-10,47.34,33,35 
453,The Room Three,2023-04-15,11.29,6,26 
454,The one who pulls out the sword will be crowned king,2024-04-05,22.14,25,35 
455,Microsoft Flight Simulator X: Steam Edition,2020-08-29,55.34,10,15 
456,DRAGON BALL Z: KAKAROT,2022-11-07,13.22,10,27 
457,Destroy All Humans!,2019-11-04,25.96,40,25 
458,Neon White,2024-11-28,60.5,22,33 
459,REMNANT II¬Æ,2022-02-16,52.41,12,30 
460,Sprocket,2020-09-09,19.45,14,29 
461,Tales from the Borderlands,2019-07-23,47.33,8,29 
462,Space Engineers,2020-01-06,23.87,15,22 
463,Far Cry¬Æ New Dawn,2023-01-13,51.35,37,14 
464,Snowbreak: Containment Zone,2021-08-08,43.15,30,21 
465,Battlefield‚Ñ¢ V,2020-08-01,53.61,11,23 
466,Pit People¬Æ,2018-02-11,45.9,25,6 
467,Five Nights at Freddy's: Sister Location,2020-10-27,49.22,24,13 
468,Infection Free Zone,2020-03-26,61.03,38,39 
469,Anno 2070‚Ñ¢,2019-10-08,60.31,27,18 
470,Changed,2017-11-15,37.4,25,5 
471,When the Darkness comes,2024-05-05,14.35,35,33 
472,Wolcen: Lords of Mayhem,2022-08-28,24.68,4,2 
473,To Be or Not to Be,2023-08-09,26.03,16,38 
474,UNBEATABLE [white label],2023-03-24,67.62,37,32 
475,Deponia,2017-12-09,52.4,20,21 
476,theHunter Classic,2024-08-07,49.11,31,27 
477,Tom Clancy's Ghost Recon¬Æ Wildlands,2024-02-27,31.82,38,2 
478,Atomic Heart,2025-03-19,9.1,2,32 
479,Not For Broadcast,2020-02-04,57.17,24,33 
480,Milk outside a bag of milk outside a bag of milk,2018-03-11,20.21,23,8 
481,Demon Slayer -Kimetsu no Yaiba- The Hinokami Chronicles,2020-12-08,59.56,18,37 
482,Kingdoms Reborn,2021-03-04,21.95,34,21 
483,A Story About My Uncle,2017-12-20,53.3,36,38 
484,Walking Zombie 2,2019-02-10,51.39,19,36 
485,Subsistence,2024-05-01,56.47,34,3 
486,Soulmask,2020-09-25,46.03,34,19 
487,Empires of the Undergrowth,2022-08-03,54.77,7,18 
488,Sniper Elite 5,2022-09-16,18.71,8,23 
489,OMORI,2025-01-02,53.5,15,20 
490,Brawlhalla,2021-06-13,50.32,32,27 
491,Angel Legion,2018-08-25,60.38,23,38 
492,ALTF4,2024-03-05,55.78,15,32 
493,Jurassic World Evolution,2023-05-14,63.71,22,13 
494,The Expendabros,2017-12-14,54.08,27,39 
495,Kingdom Rush Frontiers - Tower Defense,2022-10-29,47.29,24,12 
496,Slime Rancher 2,2019-10-22,6.14,4,17 
497,Master of Orion,2022-08-07,44.04,19,22 
498,For The King 2 Closed Beta,2023-05-16,6.58,8,16 
499,Transmissions: Element 120,2021-07-13,45.87,25,3 
500,DRAGON BALL: Sparking! ZERO,2019-02-06,46.78,20,38 
501,WorldBox - God Simulator,2019-06-20,26.15,28,22 
502,SCARLET NEXUS,2018-06-20,29.76,39,37 
503,Legend of the Dark War God,2020-07-01,68.11,5,28 
504,Rogue Legacy,2022-10-21,50.37,21,16 
505,FreshWomen - Season 1,2018-02-05,29.98,26,30 
506,Resident Evil 3,2018-09-14,67.27,18,26 
507,Bloodstained: Ritual of the Night,2023-04-24,56.86,6,4 
508,Delta Force,2024-02-20,18.63,12,24 
509,missed messages.,2021-10-22,40.66,27,13 
510,Borderlands Game of the Year Enhanced,2022-01-28,23.82,37,10 
511,Titanfall¬Æ 2,2020-12-08,26.84,40,10 
512,Plants vs. Zombies‚Ñ¢ Garden Warfare 2: Deluxe Edition,2025-04-26,30.39,34,11 
513,Slapshot: Rebound,2021-11-02,41.22,13,27 
514,Call of Duty¬Æ: Modern Warfare¬Æ III,2024-11-27,51.5,32,34 
515,Shotgun Farmers,2019-01-23,33.23,20,10 
516,Unturned,2019-08-29,60.72,32,20 
517,Awaria,2021-12-27,42.77,19,1 
518,Trine 4: The Nightmare Prince,2020-02-27,27.79,21,3 
519,Don't Starve,2020-03-27,44.57,36,15 
520,OCTOPATH TRAVELER II,2023-11-07,29.79,24,19 
521,Derail Valley,2024-11-13,59.43,35,13 
522,DRAGON QUEST¬Æ XI: Echoes of an Elusive Age‚Ñ¢ - Digital Edition of Light,2023-06-16,35.17,26,40 
523,Overcooked! 2,2021-01-18,15.27,2,40 
524,Shadow Warrior 2,2021-07-23,21.46,23,21 
525,Friends vs Friends,2020-03-21,34.14,26,8 
526,while True: learn(),2018-02-23,67.65,23,34 
527,West of Loathing,2021-04-29,40.52,31,37 
528,VTOL VR,2025-03-28,20.48,4,28 
529,Gray Zone Warfare,2018-08-31,33.03,16,16 
530,Rabbit and Steel,2019-03-12,15.47,31,33 
531,Vampyr,2025-05-13,11.56,4,39 
532,DESOLATE,2023-10-03,63.01,30,6 
533,PlanetSide 2,2019-11-16,11.8,34,25 
534,HELLDIVERS‚Ñ¢ Dive Harder Edition,2021-11-14,52.02,29,33 
535,DR LIVESEY ROM AND DEATH EDITION,2019-11-30,63.02,4,9 
536,Riders Republic,2022-01-07,21.45,37,39 
537,Summoners War,2024-11-03,15.5,16,34 
538,Game Dev Tycoon,2017-12-12,29.11,14,17 
539,STAR WARS Jedi: Survivor‚Ñ¢,2019-10-18,43.16,2,18 
540,Warframe,2017-07-22,12.87,20,18 
541,Back 4 Blood,2025-02-28,5.66,18,30 
542,Orwell: Keeping an Eye On You,2024-04-14,13.6,12,30 
543,Trade 'Em Up! TCG Empire Shop,2018-05-31,47.08,22,9 
544,Grand Theft Auto V Enhanced,2018-02-15,16.43,4,21 
545,Rogue Legacy 2,2022-12-29,62.77,13,6 
546,RIDE 4,2022-02-22,40.83,37,26 
547,Crab Game,2024-12-24,14.34,23,20 
548,Pathfinder: Wrath of the Righteous - Enhanced Edition,2018-11-02,60.07,16,26 
549,TEKKEN 8,2024-02-10,47.12,9,23 
550,Town of Salem,2018-03-09,14.71,35,5 
551,GunZ 2: The Second Duel,2020-03-02,8.0,16,20 
552,Montaro,2021-10-16,9.36,29,34 
553,Serious Sam HD: The First Encounter,2020-01-23,41.55,25,18 
554,UNDECEMBER,2024-08-18,8.98,9,3 
555,Planet Coaster,2019-01-16,46.31,38,3 
556,Sid Meier's Civilization VII,2021-06-06,58.86,7,31 
557,Resident Evil,2019-08-15,59.89,16,19 
558,Secret Neighbor: Hello Neighbor Multiplayer,2025-06-23,16.67,19,29 
559,Oxenfree,2018-02-27,31.06,11,3 
560,Skater XL - The Ultimate Skateboarding Game,2019-08-28,29.25,1,2 
561,STAR WARS‚Ñ¢: The Old Republic‚Ñ¢,2025-03-22,46.61,33,39 
562,Strange Brigade,2020-07-26,27.56,12,40 
563,Baldur's Gate II: Enhanced Edition,2021-05-06,32.79,2,13 
564,Portal with RTX,2018-05-18,18.66,4,13 
565,Aliens: Dark Descent,2024-08-09,39.78,37,28 
566,Ê∏ØË©≠ÂØ¶ÈåÑParanormalHK,2023-05-18,13.09,2,13 
567,Deepest Sword,2018-12-17,38.0,39,39 
568,Strinova,2022-02-21,23.17,19,16 
569,Finding Paradise,2017-09-24,60.06,29,18 
570,Untitled Goose Game,2018-01-08,65.6,27,34 
571,ENDLESS‚Ñ¢ Legend,2020-01-03,22.31,8,35 
572,Little Witch Nobeta,2019-06-29,12.81,20,1 
573,Ravenfield,2025-02-11,47.63,31,20 
574,(the) Gnorp Apologue,2017-07-02,15.17,11,38 
575,MapleStory,2020-07-28,45.93,35,13 
576,Fate Seeker,2023-02-25,9.71,39,31 
577,Palia,2017-09-14,67.75,1,39 
578,Rocksmith¬Æ 2014 Edition REMASTERED LEARN & PLAY,2018-08-11,67.73,6,36 
579,Dishonored 2,2023-03-05,42.66,7,28 
580,Block N Load,2018-09-14,59.66,1,9 
581,Ori and the Blind Forest: Definitive Edition,2023-10-27,45.39,32,33 
582,Travellers Rest,2021-07-08,18.93,19,14 
583,KARDS - The WW2 Card Game,2021-01-01,5.16,14,26 
584,Turmoil,2025-02-07,22.2,17,39 
585,A Plague Tale: Innocence,2021-12-01,12.45,33,14 
586,Windblown,2024-08-08,13.86,17,5 
587,CARRION,2019-10-09,16.78,12,30 
588,We Were Here,2021-02-07,58.99,20,5 
589,Hellish Quart,2019-12-24,42.95,13,37 
590,Mouthwashing,2025-04-11,65.67,31,36 
591,The Coffin of Andy and Leyley,2022-02-04,16.67,4,31 
592,Luma Island,2020-07-01,20.85,1,14 
593,Yakuza Kiwami 2,2017-08-02,20.57,3,37 
594,Record of Lodoss War-Deedlit in Wonder Labyrinth-,2023-04-21,43.1,2,9 
595,Far Away,2024-07-06,55.0,31,8 
596,No Man's Sky,2025-05-31,7.04,40,6 
597,Suzerain,2021-08-29,5.91,16,36 
598,Steam Engine Simulator,2022-09-19,30.83,19,24 
599,Dishonored¬Æ: Death of the Outsider‚Ñ¢,2023-10-14,11.76,28,32 
600,The Last of Us‚Ñ¢ Part I,2025-04-02,14.14,10,29 
601,Far Cry¬Æ,2021-06-19,43.53,40,30 
602,Total War: THREE KINGDOMS,2019-02-10,62.17,23,7 
603,Lies of P,2020-04-10,38.58,6,37 
604,Summer Memories,2023-12-20,8.79,6,23 
605,My Singing Monsters,2024-03-28,53.86,11,29 
606,STAR WARS‚Ñ¢: Squadrons,2023-10-30,8.61,30,28 
607,Project Wingman,2023-06-21,20.97,26,14 
608,Volcano Princess,2021-08-26,31.02,13,6 
609,Just Shapes & Beats,2017-10-20,30.2,12,17 
610,FINAL FANTASY¬Æ XIII,2019-06-23,16.03,13,14 
611,Sonic Adventure 2,2018-01-21,13.36,33,28 
612,Insurgency: Sandstorm,2021-12-18,29.91,31,3 
613,ArcheBlade‚Ñ¢,2017-08-21,19.35,9,39 
614,Tannenberg,2018-09-03,33.65,2,8 
615,POSTAL 4: No Regerts,2024-01-02,30.36,22,2 
616,SUPERHOT: MIND CONTROL DELETE,2017-11-06,34.44,40,14 
617,Marvel's Spider-Man 2,2020-01-16,28.44,21,14 
618,Fistful of Frags,2022-12-04,65.29,16,27 
619,Death Road to Canada,2019-03-01,21.87,15,25 
620,Sid Meier‚Äôs Civilization¬Æ VI,2024-11-01,36.45,20,21 
621,Spiral Knights,2023-10-14,26.62,21,11 
622,DOOM 64,2020-05-03,45.11,32,25 
623,TheDawn,2022-01-25,44.43,22,28 
624,The Escapists,2023-08-06,59.55,15,2 
625,Isonzo,2019-11-05,59.72,21,15 
626,Five Nights at Freddy's 4,2024-06-10,27.86,24,13 
627,Zumbi Blocks 2 Open Alpha,2019-09-01,31.09,16,27 
628,Rain World,2018-01-29,60.23,14,14 
629,Trepang2,2022-10-04,41.32,5,30 
630,Farming Simulator 19,2019-05-03,45.29,1,1 
631,DUSK,2024-01-14,32.06,14,33 
632,McOsu,2021-03-17,28.03,11,28 
633,Arizona Sunshine¬Æ,2020-12-29,32.79,21,24 
634,MultiVersus,2022-03-23,42.05,24,28 
635,DYNASTY WARRIORS 8: Xtreme Legends Complete Edition,2021-02-16,45.24,31,24 
636,League of Maidens¬Æ,2017-08-07,51.57,34,34 
637,DmC: Devil May Cry,2021-12-10,35.15,37,33 
638,Serious Sam 3: BFE,2024-02-03,22.97,7,9 
639,Cities: Skylines,2022-05-29,29.13,16,9 
640,Brutal Legend,2021-02-24,23.23,38,25 
641,Wolfenstein: Youngblood,2023-10-18,42.95,36,31 
642,Rusty's Retirement,2020-06-02,12.3,15,40 
643,BATTLETECH,2024-06-05,16.04,29,3 
644,Chained Together,2018-07-16,24.38,40,1 
645,Motorsport Manager,2024-09-24,16.45,14,40 
646,Wartales,2021-04-25,41.55,32,14 
647,Operation: Harsh Doorstop,2024-09-20,18.77,26,8 
648,The Rewinder,2022-08-14,20.87,4,22 
649,Sneak Out,2020-02-23,64.59,15,24 
650,Plague Inc: Evolved,2017-12-22,36.56,20,17 
651,Marvel's Midnight Suns,2018-04-07,68.51,9,18 
652,Dragon Cliff,2024-07-31,36.81,31,21 
653,Danganronpa V3: Killing Harmony,2025-05-15,66.18,39,14 
654,HighFleet,2020-09-15,19.97,1,7 
655,Once Human,2023-04-26,13.01,32,15 
656,Party Animals,2020-03-29,36.04,20,18 
657,IdleOn - The Idle RPG,2018-02-10,57.27,29,8 
658,Sniper Ghost Warrior Contracts,2018-10-04,9.01,20,12 
659,Supreme Commander 2,2023-12-03,20.84,32,9 
660,Zup! F,2023-06-30,15.92,7,39 
661,COCOON,2019-11-13,62.0,40,8 
662,Kingdom Come: Deliverance II,2022-06-15,29.21,31,22 
663,Crusader Kings III,2019-04-02,38.87,31,29 
664,Wingspan,2024-12-22,67.66,19,18 
665,LEGO¬Æ The Lord of the Rings‚Ñ¢,2021-05-05,32.3,28,22 
666,Dune: Spice Wars,2022-05-07,12.39,8,16 
667,911 Operator,2025-02-27,14.82,25,39 
668,Paint the Town Red,2018-12-04,17.89,4,28 
669,Devil May Cry 4 Special Edition,2022-07-08,9.59,20,10 
670,Bloons TD 5,2021-01-19,22.43,30,5 
671,Diplomacy is Not an Option,2024-11-20,46.34,31,35 
672,Destiny 2,2021-10-28,52.94,22,1 
673,Team Fortress 2,2019-09-27,64.79,7,30 
674,Northgard,2025-02-08,60.64,39,25 
675,SMITE¬Æ,2020-03-23,8.26,28,37 
676,Crash Bandicoot‚Ñ¢ N. Sane Trilogy,2019-08-05,29.56,1,38 
677,Torchlight II,2019-12-29,58.11,18,32 
678,NIGHT-RUNNERS‚Ñ¢ PROLOGUE,2023-08-22,9.68,18,28 
679,Horizon Forbidden West‚Ñ¢ Complete Edition,2018-05-10,15.91,29,2 
680,Tabletop Simulator,2024-06-10,33.08,18,10 
681,The Walking Dead: A New Frontier,2023-03-31,41.26,29,36 
682,NEKOPARA Vol. 1,2021-08-23,26.23,15,11 
683,Depth,2021-05-14,40.59,17,28 
684,The Hungry Lamb: Traveling in the Late Ming Dynasty,2021-08-26,17.2,16,25 
685,A Total War Saga: THRONES OF BRITANNIA,2024-03-09,60.67,6,4 
686,Shades of Black,2019-10-16,69.87,31,28 
687,Muck,2019-11-01,57.65,28,13 
688,PICO PARK,2021-03-16,19.96,8,31 
689,Call of Duty¬Æ: Black Ops III,2020-03-10,6.8,11,8 
690,Rayman¬Æ Legends,2019-12-03,43.76,24,32 
691,Okami HD,2023-12-07,27.66,35,9 
692,Minecraft Dungeons,2018-04-13,50.07,35,40 
693,Battlerite,2021-03-25,56.3,33,5 
694,Ancestors: The Humankind Odyssey,2021-04-11,41.13,17,3 
695,Ê≠¶ÊûóËá≥Â∞ä‰º†,2018-07-07,16.69,25,12 
696,MADNESS: Project Nexus,2021-05-09,19.27,2,14 
697,Granblue Fantasy: Relink,2025-03-21,52.55,13,9 
698,Tropico 6,2019-07-31,46.81,28,32 
699,WRC 7 FIA World Rally Championship,2021-06-12,55.94,18,11 
700,Ghost of Tsushima DIRECTOR'S CUT,2017-09-01,24.36,36,36 
701,Nightingale,2017-12-08,49.24,37,16 
702,Assassin's Creed¬Æ III Remastered,2018-07-26,7.59,3,28 
703,SOMA,2021-05-30,22.54,10,5 
704,Paunch,2021-12-04,62.6,11,3 
705,Need for Speed‚Ñ¢ Rivals,2024-02-10,49.15,13,33 
706,Supraland,2024-01-12,46.37,16,24 
707,BLOCKADE 3D,2022-06-03,14.75,35,20 
708,Torchlight III,2025-02-24,28.71,15,7 
709,Tom Clancy‚Äôs Splinter Cell Blacklist,2021-04-05,35.92,3,28 
710,Pentiment,2018-08-13,59.31,1,33 
711,Sunset Overdrive,2024-09-20,56.33,4,35 
712,Raging Loop,2021-05-20,39.25,19,17 
713,Necesse,2021-01-03,19.12,21,5 
714,Pacific Drive,2025-01-22,16.92,34,38 
715,SUPERVIVE,2023-12-15,46.6,3,37 
716,Warhammer 40,000: Space Marine 2,2018-09-29,58.66,37,30
717,Age of Empires II: Definitive Edition,2018-01-18,41.04,10,33 
718,Lost Castle / Â§±ËêΩÂüéÂ†°,2021-09-29,32.05,18,17 
719,Persona¬Æ 5 Strikers,2022-11-28,60.56,24,30 
720,Mini Metro,2024-05-05,68.44,28,27 
721,Anno 1800,2021-07-10,59.46,24,25 
722,Defy Gravity Extended,2023-10-05,56.33,13,37 
723,Craft The World,2025-02-01,8.0,2,39 
724,Egg,2022-11-20,25.52,21,5 
725,ÊúàÂúÜ‰πãÂ§ú (Night of Full Moon),2024-01-16,13.05,31,1 
726,Enshrouded,2019-12-21,49.8,6,4 
727,ARMORED CORE‚Ñ¢ VI FIRES OF RUBICON‚Ñ¢,2021-02-27,7.35,18,26 
728,The Room Two,2024-05-03,38.72,28,26 
729,Terraria,2025-01-26,60.54,23,19 
730,Griftlands,2019-01-09,22.7,32,27 
731,NARAKA: BLADEPOINT,2023-03-20,33.92,8,20 
732,Legend of Mortal,2021-08-27,19.01,20,2 
733,PlateUp!,2020-09-14,6.53,20,31 
734,Dorfromantik,2024-03-15,42.12,35,24 
735,Football Manager 2023,2017-07-12,44.52,18,35 
736,Loading Screen Simulator,2018-10-15,57.51,4,21 
737,Amnesia: The Dark Descent,2025-01-01,47.78,33,27 
738,Divinity: Original Sin 2 - Definitive Edition,2020-06-04,54.3,25,8 
739,Space Haven,2021-05-17,50.24,17,28 
740,REFLEXIA Prototype ver.,2020-09-26,5.92,14,8 
741,Shovel Knight: Treasure Trove,2023-09-05,53.95,11,1 
742,Hired Ops,2021-09-09,20.53,33,32 
743,Age of History 3,2022-12-06,28.31,25,29 
744,rFactor 2,2020-12-23,59.62,30,10 
745,It Takes Two Friend's Pass,2020-04-27,30.84,13,17 
746,Peglin,2020-05-06,68.8,23,21 
747,Brick Rigs,2022-08-23,69.3,23,6 
748,The Talos Principle,2018-06-22,15.56,4,36 
749,Total War: WARHAMMER II,2018-05-29,22.97,19,27 
750,NieR Replicant‚Ñ¢ ver.1.22474487139...,2020-09-15,27.09,2,29 
751,Crypt of the NecroDancer,2021-05-21,40.42,27,10 
752,Call of Duty¬Æ: Modern Warfare¬Æ 3 (2011),2018-01-04,33.41,34,3 
753,Lords Of The Fallen‚Ñ¢ 2014,2022-04-03,9.49,12,25 
754,SCUM,2019-08-06,22.37,14,29 
755,Legion TD 2 - Multiplayer Tower Defense,2018-01-27,46.07,36,32 
756,SpeedRunners,2022-02-06,41.22,6,39 
757,Kingdom: New Lands,2020-07-23,21.34,24,27 
758,Warhammer 40,000: Space Marine - Anniversary Edition,2017-10-26,61.36,38,20
759,The Walking Dead: The Final Season,2017-09-22,14.66,30,35 
760,Deliver Us The Moon,2019-10-07,65.3,24,30 
761,Farming Simulator 22,2018-12-12,56.22,36,1 
762,Warhammer 40,000: Mechanicus,2017-10-07,18.09,34,10
763,Sonic Generations Collection,2023-01-27,5.38,1,17 
764,Hello Neighbor,2018-04-18,39.44,8,5 
765,Stoneshard,2025-05-04,24.53,25,15 
766,Lust Goddess,2017-11-16,46.13,16,8 
767,Police Stories,2021-09-06,68.55,19,29 
768,Settlement Survival,2021-12-24,50.05,1,27 
769,EVERSPACE‚Ñ¢,2018-07-01,18.19,19,11 
770,Batman‚Ñ¢: Arkham Knight,2021-09-25,28.3,27,29 
771,My Time at Portia,2020-05-04,49.44,24,26 
772,Class of '09,2023-11-24,48.73,4,8 
773,MudRunner,2018-09-10,55.49,15,10 
774,Call of Duty¬Æ: Modern Warfare¬Æ,2018-09-07,34.06,37,4 
775,SCP: 5K,2024-04-30,57.61,36,4 
776,Halo Wars: Definitive Edition,2022-01-05,14.11,26,19 
777,Touhou Mystia's Izakaya,2020-06-13,25.62,40,32 
778,DOOM Eternal,2023-03-10,45.95,35,25 
779,Little Misfortune,2020-11-16,63.9,24,22 
780,WAKFU,2023-10-05,58.96,20,17 
781,Return of the Obra Dinn,2018-09-26,43.99,28,6 
782,DRAGON BALL XENOVERSE 2,2018-10-27,43.83,40,2 
783,Rogue Company,2024-10-25,22.02,18,36 
784,Comedy Night,2019-10-08,13.44,11,10 
785,Teenage Mutant Ninja Turtles: Shredder's Revenge,2019-08-27,7.57,40,2 
786,CrossCode,2020-11-23,36.99,31,15 
787,Risen,2024-03-24,37.83,36,39 
788,FTL: Faster Than Light,2019-02-18,42.29,34,14 
789,Dark and Darker,2023-09-06,46.8,35,8 
790,Tank Mechanic Simulator,2019-01-17,26.72,8,38 
791,Pavlov,2017-11-11,43.36,23,23 
792,Aimlabs,2024-12-22,31.29,4,37 
793,Rabi-Ribi,2022-09-18,23.76,4,21 
794,Mortal Shell,2017-07-13,23.53,26,25 
795,Yet Another Zombie Survivors,2022-02-03,18.22,20,33 
796,The Incredible Adventures of Van Helsing,2018-09-11,18.52,28,31 
797,Delta Force Alpha Test,2023-12-16,16.55,13,15 
798,Zombie Army 4: Dead War,2019-10-26,51.3,6,26 
799,Bayonetta,2020-06-23,33.64,37,10 
800,DDNet,2022-02-25,36.06,1,18 
801,Teardown,2021-06-22,6.45,34,18 
802,Hardspace: Shipbreaker,2024-09-07,24.89,24,32 
803,DARK SOULS‚Ñ¢ III,2022-06-29,49.2,16,28 
804,Mortal Kombat¬†11,2025-05-30,53.43,28,29 
805,Strange Horticulture,2022-05-06,34.85,24,11 
806,Carpe Diem,2019-10-21,44.07,12,12 
807,Firestone: Online Idle RPG,2018-05-14,48.44,7,9 
808,Cube Escape: Paradox,2018-08-15,31.7,24,17 
809,Call to Arms - Gates of Hell: Ostfront,2022-04-17,16.57,3,10 
810,The Long Drive,2024-07-15,30.91,13,27 
811,NARUTO SHIPPUDEN: Ultimate Ninja STORM Revolution,2022-11-07,18.67,7,19 
812,Sven Co-op,2024-07-24,33.15,4,15 
813,The Sims‚Ñ¢ 4,2021-06-18,41.54,34,28 
814,America's Army: Proving Grounds,2018-02-12,34.25,30,16 
815,POSTAL 2,2019-12-01,42.06,23,15 
816,Super Hexagon,2024-11-23,52.27,34,25 
817,Age of Wonders 4,2024-05-22,37.47,35,4 
818,Torque Drift,2020-02-22,61.93,19,24 
819,Stronghold HD (2012),2021-02-12,47.62,38,18 
820,Elsword,2018-02-10,65.55,5,13 
821,Realm of the Mad God Exalt,2021-02-19,32.59,37,11 
822,Alien: Isolation,2023-11-14,29.23,29,3 
823,Outpost: Infinity Siege,2021-10-02,24.1,35,34 
824,Gothic 1,2023-02-24,19.66,30,20 
825,Europa Universalis IV,2023-05-31,14.45,21,17 
826,This Is the Police,2025-05-16,59.31,23,40 
827,At Home Alone Final,2023-07-30,60.38,9,17 
828,Need for Speed‚Ñ¢ Payback,2023-02-18,27.04,34,1 
829,AI: The Somnium Files,2020-12-20,51.15,21,36 
830,Draw & Guess,2021-07-13,63.36,40,8 
831,ËßÖÈïøÁîü,2022-12-27,58.29,39,40 
832,Endless Sky,2021-12-13,34.54,25,34 
833,Cozy Grove,2018-04-24,62.84,36,5 
834,Resident Evil 6,2018-02-19,51.31,2,24 
835,Microsoft Flight Simulator 40th Anniversary Edition,2024-03-10,59.13,37,4 
836,MOBILE SUIT GUNDAM BATTLE OPERATION 2,2018-09-08,36.35,15,1 
837,VPet-Simulator,2019-12-08,58.08,40,24 
838,Grounded,2019-01-18,47.83,33,21 
839,Wolfenstein: The Old Blood,2019-09-02,45.76,7,37 
840,Command & Conquer Red Alert‚Ñ¢ 2 and Yuri‚Äôs Revenge‚Ñ¢,2020-11-22,65.18,7,7 
841,Sid Meier's Civilization¬Æ V,2018-10-23,29.16,3,40 
842,Pineapple on pizza,2023-07-03,22.88,10,7 
843,Keep Talking and Nobody Explodes,2017-12-20,9.85,29,18 
844,Kingdom Heroes 8,2019-12-26,27.21,12,10 
845,Mini Motorways,2024-01-29,62.4,8,16 
846,UBOAT,2020-01-10,33.57,34,38 
847,X-Plane 11,2018-08-01,11.77,29,28 
848,DCS World Steam Edition,2020-03-10,19.63,28,27 
849,Undawn,2023-09-25,44.98,35,3 
850,Assassin‚Äôs Creed¬Æ Brotherhood,2024-10-26,60.09,14,1 
851,Exanima,2021-08-31,45.62,28,10 
852,POSTAL,2021-06-17,16.26,38,21 
853,Serious Sam 2,2018-10-10,22.32,14,25 
854,Ghost Watchers,2018-04-25,65.55,17,37 
855,Alan Wake,2023-08-12,41.94,15,27 
856,Call of Duty¬Æ: Advanced Warfare - Gold Edition,2019-03-31,37.74,12,32 
857,Dead Rising 3 Apocalypse Edition,2025-05-06,50.28,18,13 
858,One-armed cook,2020-09-09,7.44,3,18 
859,Living With Sister: Monochrome Fantasy,2021-07-18,16.42,21,25 
860,No Rest for the Wicked,2019-07-17,36.92,37,33 
861,Hentai Girl,2019-07-12,45.78,40,26 
862,Â§™ÂêæÁªòÂç∑ The Scroll Of Taiwu,2017-12-19,36.67,1,32 
863,Wobbledogs,2021-04-27,61.47,25,30 
864,Mist Survival,2021-02-28,12.69,2,5 
865,Timberborn,2024-03-28,43.15,10,6 
866,Descenders,2023-09-25,26.73,29,30 
867,Darksiders II Deathinitive Edition,2024-01-21,33.65,23,17 
868,FIFA 22,2023-03-29,24.2,28,9 
869,The Quarry,2018-04-16,38.91,2,37 
870,Caves of Qud,2017-08-13,60.79,13,32 
871,RetroArch,2024-12-21,6.51,6,29 
872,Choo-Choo Charles,2020-01-03,8.27,16,1 
873,Hotline Miami,2019-11-22,69.28,7,8 
874,POLYGON,2022-09-13,19.54,6,19 
875,Age of Empires: Definitive Edition,2017-08-10,23.13,26,11 
876,Counter-Strike Nexon,2025-05-01,57.6,20,30 
877,HITMAN‚Ñ¢,2020-05-18,67.6,8,38 
878,Knightfall: A Daring Journey,2023-07-20,11.17,17,1 
879,Fallout 2: A Post Nuclear Role Playing Game,2021-04-24,27.56,17,29 
880,Just Cause 2: Multiplayer Mod,2018-01-20,19.63,26,34 
881,GOD EATER 3,2018-01-07,49.65,38,1 
882,Warhammer: Vermintide 2,2018-11-27,57.5,33,25 
883,Rec Room,2023-06-20,65.05,24,26 
884,Blood Bowl 2,2018-01-06,11.71,3,13 
885,Baldur's Gate: Enhanced Edition,2024-07-08,14.01,38,35 
886,Ruined King: A League of Legends Story‚Ñ¢,2019-11-02,15.14,1,14 
887,Barony,2020-06-07,42.95,32,26 
888,Road 96 üõ£Ô∏è,2018-08-16,43.4,17,23 
889,Kingdom Come: Deliverance,2021-05-15,23.37,31,1 
890,Universe Sandbox,2025-02-17,56.82,26,9 
891,Skullgirls 2nd Encore,2019-10-29,14.82,34,2 
892,Stranded: Alien Dawn,2018-05-25,48.85,15,33 
893,Darwin Project,2019-03-04,35.45,6,10 
894,Kingdom Rush  - Tower Defense,2022-12-29,66.37,4,13 
895,Trombone Champ,2023-10-30,52.84,29,11 
896,SANABI,2024-09-12,10.79,17,30 
897,Microsoft Flight Simulator 2024,2021-06-24,18.24,24,9 
898,Prison Architect,2020-01-09,17.89,9,33 
899,BioShock‚Ñ¢ Remastered,2023-12-01,10.02,12,4 
900,Mortal Kombat X,2021-07-25,45.91,21,31 
901,LIMBO,2020-09-15,34.82,3,35 
902,Ni no Kuni‚Ñ¢ II: Revenant Kingdom,2022-04-27,7.29,24,6 
903,Darksiders III,2019-05-11,68.7,32,34 
904,The Room 4: Old Sins,2022-09-06,64.25,1,28 
905,War Trigger 3,2021-05-08,63.27,13,22 
906,Freddy Fazbear's Pizzeria Simulator,2020-04-21,16.17,18,34 
907,Lost,2023-07-02,49.12,14,28 
908,Sonic & All-Stars Racing Transformed Collection,2025-03-22,58.69,9,15 
909,Mutant Year Zero: Road to Eden,2019-02-02,19.35,19,12 
910,Dead by Daylight,2019-05-25,8.54,23,13 
911,Wildermyth,2020-06-09,7.6,28,33 
912,Placid Plastic Duck Simulator,2021-01-27,68.25,4,23 
913,Archimedes: Eureka!,2020-07-18,53.51,18,15 
914,S.K.I.L.L. - Special Force 2 (Shooter),2021-05-10,66.17,21,18 
915,Unrailed!,2017-12-24,26.59,38,10 
916,NEKOPARA Vol. 3,2021-06-18,30.22,11,19 
917,Life is Strange: Before the Storm,2018-06-04,69.83,16,20 
918,Judgment,2023-06-28,37.91,25,27 
919,Hydroneer,2021-08-29,5.39,38,29 
920,Rise of the Tomb Raider‚Ñ¢,2020-04-24,59.26,6,15 
921,Metro Exodus,2018-11-14,63.53,20,34 
922,Age of Mythology: Retold,2023-05-09,31.45,29,4 
923,ARK: Survival Ascended,2020-05-15,60.52,13,27 
924,Squad,2018-05-22,14.13,19,20 
925,MIR4,2018-05-14,57.3,17,7 
926,Lost Castle 2,2022-09-08,26.21,12,25 
927,Mitos.is: The Game,2022-06-21,29.95,40,1 
928,Chronicon,2021-06-07,18.92,14,5 
929,Stationeers,2021-06-17,65.51,40,29 
930,Call of Duty¬Æ,2024-06-08,9.79,34,7 
931,Assetto Corsa,2022-12-12,68.39,24,13 
932,Farthest Frontier,2021-09-25,15.63,5,32 
933,Tom Clancy's Rainbow Six¬Æ Siege,2018-04-15,5.98,27,25 
934,Just Cause 4 Reloaded,2022-09-03,27.62,22,3 
935,Liar's Bar,2020-06-21,42.97,4,32 
936,Magicka 2,2020-03-21,62.17,11,36 
937,Gang Beasts,2019-11-28,56.65,14,22 
938,LISA: The Painful,2018-08-07,11.85,20,26 
939,Dishonored,2020-07-06,26.57,33,1 
940,Journey,2022-04-25,47.27,11,8 
941,Deep Rock Galactic,2019-01-20,47.61,1,37 
942,METAL GEAR SOLID V: GROUND ZEROES,2024-08-05,9.57,13,25 
943,SpongeBob SquarePants: Battle for Bikini Bottom - Rehydrated,2023-08-15,59.5,6,40 
944,We Were Here Together,2020-11-03,52.55,31,21 
945,TCG Card Shop Simulator,2025-04-23,34.03,37,18 
946,Yog-Sothoth‚Äôs Yard,2018-01-10,43.5,13,3 
947,Kidnapped Girl,2021-01-21,53.31,10,31 
948,Knight Online,2024-03-13,21.22,26,23 
949,The Mean Greens - Plastic Warfare,2023-03-17,45.26,32,37 
950,Absolver,2020-04-10,51.32,23,33 
951,SOULCALIBUR VI,2019-10-04,23.97,20,40 
952,Abiotic Factor,2024-04-25,53.96,3,9 
953,Unpacking,2024-10-26,60.48,31,8 
954,Dome Keeper,2019-01-13,18.39,34,40 
955,Fran Bow,2018-12-17,43.0,15,13 
956,Big Ambitions,2019-04-03,39.24,22,20 
957,FPV Kamikaze Drone,2021-02-19,11.15,34,37 
958,Total War: SHOGUN 2,2020-01-18,35.45,7,37 
959,KovaaK's,2017-06-26,27.26,17,1 
960,Castle Crashers¬Æ,2019-08-30,7.3,22,25 
961,Tainted Grail: Conquest,2022-11-11,5.91,28,19 
962,Little Kitty, Big City,2018-05-08,47.07,18,7
963,CS2D,2018-03-01,10.12,11,25 
964,BONELAB,2020-01-05,26.69,23,15 
965,Spectre Divide,2022-03-02,12.68,24,23 
966,Star Trek Online,2019-06-28,7.33,19,24 
967,ZERO Sievert,2022-05-05,67.01,9,30 
968,Bless Unleashed,2019-01-09,19.13,40,40 
969,Avorion,2022-12-24,34.34,18,34 
970,Artifact,2023-06-29,31.2,13,39 
971,Dyson Sphere Program,2022-08-21,43.2,10,12 
972,Dragon's Dogma 2,2018-06-12,41.69,19,12 
973,The Sims‚Ñ¢ 3,2017-12-05,35.12,15,7 
974,Mountain,2023-10-27,59.16,5,6 
975,Squad 44,2020-10-10,7.41,9,13 
976,Dead Island Definitive Edition,2024-12-05,62.62,19,23 
977,Eco,2021-04-28,58.67,8,38 
978,Dragon Age‚Ñ¢ Inquisition,2018-08-13,9.53,5,39 
979,ACE COMBAT‚Ñ¢ 7: SKIES UNKNOWN,2018-07-06,24.89,33,5 
980,Furi,2023-07-16,55.39,9,8 
981,Z1 Battle Royale,2017-11-13,24.22,26,15 
982,Soulworker,2023-06-08,68.8,21,18 
983,Across the Obelisk,2021-07-22,37.58,40,38 
984,Sakura Clicker,2021-12-18,59.71,11,25 
985,NARUTO SHIPPUDEN: Ultimate Ninja STORM 4,2021-08-06,35.51,7,33 
986,Tavern Master,2021-09-11,38.32,27,31 
987,Cloudpunk,2021-02-16,69.18,17,13 
988,ShellShock Live,2019-04-23,11.85,33,11 
989,Sword and Fairy 7,2018-09-25,42.45,7,3 
990,Five Nights at Freddy's: Security Breach,2020-10-20,37.13,31,30 
991,South Park‚Ñ¢: The Fractured But Whole‚Ñ¢,2021-01-23,33.17,34,2 
992,LYNE,2017-08-14,35.14,37,36 
993,Bloons TD Battles,2022-07-22,26.31,31,39 
994,Â∞èÁôΩÂÖîÁîµÂïÜ~Bunny e-Shop,2021-05-08,38.12,3,12 
995,The Witness,2023-07-09,21.61,27,6 
996,Magicka,2022-12-21,67.24,14,29 
997,They Are Billions,2022-08-18,46.28,24,20 
998,Lethal Company,2017-10-10,48.43,20,12 
999,ÊöñÈõ™ Warm Snow,2019-08-01,53.51,36,1 
1000,SCP: Secret Laboratory,2023-04-23,22.98,19,3 
1001,Kingdom: Classic,2021-07-19,51.16,5,20 
1002,The Walking Dead,2021-02-06,8.54,14,1 
1003,Counter-Strike: Source,2023-10-28,42.83,34,25 
1004,Aperture Desk Job,2019-08-28,38.7,20,40 
1005,BattleBlock Theater¬Æ,2017-07-16,30.01,9,35 
1006,Assemble with Care,2019-09-14,17.51,21,24 
1007,Into the Breach,2024-05-24,48.76,36,32 
1008,PixARK,2018-06-19,29.71,14,30 
1009,ELDEN RING,2021-12-12,42.64,25,32 
1010,House Party,2024-07-22,27.63,19,25 
1011,Overwatch¬Æ 2,2020-05-24,6.27,14,21 
1012,Five Nights at Freddy's: Into the Pit,2019-02-07,33.01,23,34 
1013,Amnesia: Rebirth,2020-12-19,23.89,10,35 
1014,Session: Skate Sim,2023-09-24,43.9,19,4 
1015,Roboquest,2024-08-11,44.53,13,9 
1016,1v1.LOL - Battle Royale Game,2020-03-08,28.77,9,14 
1017,No More Room in Hell,2024-08-12,57.04,40,23 
1018,Digimon Masters Online,2018-07-09,25.18,29,36 
1019,Orcs Must Die! 3,2022-01-17,56.59,30,12 
1020,Business Tour - Board Game with Online Multiplayer,2024-09-05,7.72,26,25 
1021,Neon Abyss,2018-08-21,24.33,36,34 
1022,The Crew Motorfest,2020-05-02,69.68,21,28 
1023,Viridi,2019-12-18,19.54,11,37 
1024,Need for Speed‚Ñ¢ Hot Pursuit Remastered,2021-07-28,41.76,32,37 
1025,Dungeon Defenders,2019-08-04,10.64,26,9 
1026,DayZ,2022-12-24,62.69,5,26 
1027,Barotrauma,2024-06-02,60.27,26,34 
1028,Hades II,2023-03-13,67.53,21,18 
1029,Brotato,2023-12-05,44.15,32,24 
1030,Soda Dungeon,2022-05-18,33.53,28,37 
1031,X4: Foundations,2021-09-16,68.19,6,9 
1032,FragPunk,2017-11-25,62.99,25,23 
1033,Infestation: The New Z,2024-05-13,48.78,36,21 
1034,The Forest,2022-10-04,36.36,29,11 
1035,Soul Dossier,2023-01-23,52.43,21,14 
1036,We Who Are About To Die,2019-05-21,66.2,14,11 
1037,Katana ZERO,2024-10-21,42.24,28,8 
1038,Webbed,2024-02-26,54.44,33,26 
1039,Buckshot Roulette,2020-11-19,60.45,26,28 
1040,No More Room in Hell 2,2024-04-03,47.92,38,22 
1041,Danganronpa: Trigger Happy Havoc,2018-06-27,61.52,2,5 
1042,FEZ,2022-11-30,38.33,35,39 
1043,Superliminal,2021-11-18,65.34,30,34 
1044,Serious Sam 4,2022-06-27,9.85,38,3 
1045,Miscreated,2018-05-25,5.06,12,1 
1046,The Last Spell,2018-02-24,37.01,24,21 
1047,Psychopomp,2021-03-22,22.03,15,5 
1048,Age of Wonders III,2023-01-15,53.22,2,23 
1049,CastleMiner Z,2017-10-17,40.8,15,36 
1050,The Riftbreaker,2023-09-11,41.95,31,13 
1051,Baba Is You,2022-02-05,35.57,16,29 
1052,The Outer Worlds,2020-05-02,50.66,10,1 
1053,Need for Speed‚Ñ¢ Most Wanted,2020-09-29,59.58,29,24 
1054,Five Nights at Freddy's 2,2021-01-19,65.74,13,8 
1055,XCOM: Enemy Unknown,2022-03-02,13.5,11,13 
1056,Machinarium,2019-05-30,41.12,17,40 
1057,Victoria 3,2017-12-28,39.06,37,23 
1058,Post Void,2018-12-30,53.95,8,38 
1059,Dirty Bomb¬Æ,2018-04-19,46.75,1,12 
1060,Yes, Your Grace,2022-11-22,32.09,16,15
1061,War Thunder,2025-01-10,41.23,28,23 
1062,Sekiro‚Ñ¢: Shadows Die Twice - GOTY Edition,2025-06-23,66.69,28,19 
1063,ABZU,2025-02-17,6.48,37,8 
1064,ISLANDERS,2019-08-18,9.72,7,22 
1065,A Game About Digging A Hole,2018-06-11,66.36,34,3 
1066,Monster Hunter Wilds Beta test,2022-11-06,33.77,17,5 
1067,Dota 2,2021-12-16,59.44,30,38 
1068,Sins of a Solar Empire¬Æ: Rebellion,2018-01-04,55.39,5,5 
1069,THRONE AND LIBERTY,2018-10-05,26.37,16,33 
1070,Hidden Folks,2018-05-30,31.31,25,12 
1071,GRIS,2018-02-07,12.32,11,7 
1072,The Looker,2018-12-23,48.62,35,31 
1073,FUCK PUTIN,2024-12-23,47.43,10,37 
1074,Planetary Annihilation: TITANS,2021-03-20,55.85,1,34 
1075,ICEY,2019-06-17,65.82,8,3 
1076,Honkai Impact 3rd,2019-10-07,24.2,22,2 
1077,The Banner Saga,2021-10-25,34.07,24,14 
1078,Marvel‚Äôs Spider-Man: Miles Morales,2023-08-05,59.64,7,5 
1079,Metaphor: ReFantazio,2023-07-15,41.16,26,25 
1080,Zup! S,2018-06-04,64.53,31,10 
1081,System Shock,2022-11-16,50.82,27,3 
1082,Pool 2D - Poolians,2022-07-31,27.67,1,22 
1083,Chants of Sennaar,2019-12-06,6.84,12,7 
1084,Our Life: Beginnings & Always,2023-04-24,25.55,25,22 
1085,Remember Me,2022-05-08,8.72,16,10 
1086,Five Nights at Freddy's 3,2018-05-27,26.88,38,23 
1087,BIOMUTANT,2022-07-06,34.5,3,13 
1088,SenrenÔºäBanka,2022-06-14,35.31,10,4 
1089,Inside the Backrooms,2024-09-21,68.13,22,27 
1090,METAL GEAR SOLID V: THE PHANTOM PAIN,2019-01-11,60.96,34,17 
1091,SMITE 2,2022-08-10,38.66,1,12 
1092,Hand Simulator: Survival,2017-08-31,63.86,35,25 
1093,Borderlands 2,2021-02-08,58.47,20,29 
1094,Black Squad,2021-12-31,46.3,37,1 
1095,Death Must Die,2022-12-11,11.41,18,40 
1096,Out There Somewhere,2020-02-18,55.66,18,23 
1097,Galaxy Life,2021-08-02,54.86,1,40 
1098,FINAL FANTASY VIII,2021-08-31,8.33,3,1 
1099,The Survivalists,2017-10-20,26.35,35,11 
1100,Learn to Fly 3,2022-04-30,19.76,4,18 
1101,RIFT,2022-04-09,8.39,34,39 
1102,TUNIC,2023-11-04,17.39,12,34 
1103,Tales of Zestiria,2024-04-22,30.23,2,1 
1104,Notes of Soul,2019-09-10,17.92,37,10 
1105,Town of Salem 2,2019-03-30,66.39,15,14 
1106,Days Gone,2017-07-02,50.48,30,31 
1107,Mirror,2019-12-15,49.44,39,29 
1108,Minecraft: Story Mode - A Telltale Games Series,2024-08-29,64.56,11,20 
1109,CHRONO TRIGGER¬Æ,2021-02-12,38.76,13,2 
1110,Tick Tock: A Tale for Two,2017-07-18,35.34,32,10 
1111,Dead Space‚Ñ¢ 2,2020-09-07,44.46,29,12 
1112,Luck be a Landlord,2024-03-25,14.79,29,33 
1113,Age of Empires IV: Anniversary Edition,2020-01-30,55.34,40,38 
1114,Sonic Adventure DX,2019-04-16,59.61,14,13 
1115,Mirror 2: Project X,2018-01-22,13.05,8,38 
1116,Bellwright,2025-06-07,56.06,6,22 
1117,Astral Party,2024-04-22,38.29,18,2 
1118,Amnesia: A Machine for Pigs,2020-05-16,31.54,35,12 
1119,ATLAS,2021-07-25,55.19,29,20 
1120,Hero's Adventure: Road to Passion,2022-11-03,38.32,12,29 
1121,Super Animal Royale,2024-07-11,55.0,27,4 
1122,Milk inside a bag of milk inside a bag of milk,2025-03-10,49.99,28,29 
1123,Catan Universe,2021-02-14,39.11,32,39 
1124,LOCKDOWN Protocol,2022-04-26,10.73,22,33 
1125,Winter Memories,2022-09-29,68.32,19,23 
1126,Âè§ÈæôÈ£é‰∫ëÂΩï,2023-11-30,17.18,39,33 
1127,Content Warning,2021-02-28,43.38,12,40 
1128,SCP: Containment Breach Multiplayer,2024-03-02,13.0,35,4 
1129,Resident Evil Revelations 2,2022-08-24,56.85,10,15 
1130,Football Manager 2022,2018-05-17,68.55,7,27 
1131,Resident Evil 2,2023-01-25,9.23,25,33 
1132,Pacify,2019-08-17,49.33,19,40 
1133,S.T.A.L.K.E.R. 2: Heart of Chornobyl,2022-05-31,48.89,5,14 
1134,Psychonauts 2,2022-05-12,34.94,16,14 
1135,Darksiders Warmastered Edition,2024-02-01,30.12,16,36 
1136,Watch Dogs¬Æ: Legion,2022-01-06,10.08,2,14 
1137,Bloons Monkey City,2025-03-11,61.42,1,26 
1138,Starbase,2020-02-21,47.02,25,28 
1139,MechWarrior 5: Mercenaries,2022-02-18,52.21,24,11 
1140,Pony Island,2018-09-02,28.06,39,38 
1141,One Finger Death Punch,2019-08-09,68.76,19,37 
1142,20 Small Mazes,2019-11-29,11.18,11,9 
1143,Zula Global,2020-07-14,39.36,4,11 
1144,Orcs Must Die! 2,2017-07-16,39.99,5,21 
1145,Goat Simulator,2022-12-14,62.34,34,1 
1146,Football Manager 2019,2022-10-15,11.56,22,33 
1147,Life is Feudal: Your Own,2018-12-29,54.33,38,26 
1148,Cell to Singularity - Evolution Never Ends,2019-05-10,30.06,13,9 
1149,Awesomenauts - the 2D moba,2024-01-15,31.82,12,24 
1150,Virtual Cottage,2020-12-23,43.85,19,18 
1151,Resident Evil Revelations,2019-03-12,46.89,25,23 
1152,Rusty Lake: Roots,2020-01-29,45.05,31,4 
1153,Smalland: Survive the Wilds,2020-11-08,14.36,29,16 
1154,Colony Survival,2019-06-26,64.69,39,28 
1155,Haydee,2024-09-22,5.79,2,25 
1156,Assetto Corsa EVO,2020-11-02,10.67,20,8 
1157,World of Tanks Blitz,2025-02-22,47.19,40,17 
1158,The Dungeon Of Naheulbeuk: The Amulet Of Chaos,2022-09-18,47.36,17,29 
1159,Forza Horizon 5,2023-01-12,31.96,35,10 
1160,Eternal Card Game,2019-02-13,25.51,5,18 
1161,Suicide Squad: Kill the Justice League,2023-08-07,26.02,31,24 
1162,Mount & Blade II: Bannerlord,2021-06-29,66.86,35,5 
1163,Ready or Not,2018-02-03,31.42,39,4 
1164,Subnautica,2019-03-23,38.03,11,16 
1165,Disco Elysium - The Final Cut,2020-03-02,43.1,19,6 
1166,Tales of Berseria‚Ñ¢,2021-03-26,63.31,35,6 
1167,Atelier Ryza: Ever Darkness & the Secret Hideout,2024-10-17,56.6,40,6 
1168,BioShock Infinite,2021-08-31,13.05,3,28 
1169,GrandChase,2017-10-23,18.06,4,9 
1170,Otaku's Adventure,2024-11-13,29.5,22,16 
1171,ÁÅµÈ≠ÇÁ≠πÁ†Å Soul at Stake,2024-01-24,38.65,24,22 
1172,Call of Duty¬Æ: Modern Warfare¬Æ Remastered (2017),2021-07-07,15.04,30,16 
1173,BLEACH Brave Souls,2018-07-26,67.82,16,30 
1174,BABBDI,2020-06-15,13.09,10,7 
1175,Tyranny,2017-12-26,50.74,32,15 
1176,Battlerite Royale,2020-05-27,57.12,19,34 
1177,Sherlock Holmes: The Devil's Daughter,2024-10-02,50.45,40,28 
1178,Yokai's Secret,2024-07-07,49.93,22,39 
1179,Recettear: An Item Shop's Tale,2023-11-01,18.99,14,25 
1180,Five Nights at Freddy's,2022-02-12,67.91,32,37 
1181,Potion Craft: Alchemist Simulator,2024-11-18,18.91,22,17 
1182,Oxygen Not Included,2020-09-27,41.8,31,37 
1183,Way of the Hunter,2017-08-16,34.23,21,14 
1184,Witchfire,2025-04-14,52.32,21,14 
1185,Armello,2025-01-05,24.25,26,17 
1186,The Red Strings Club,2018-08-21,13.17,8,36 
1187,Touhou Luna Nights,2024-01-17,17.16,40,17 
1188,Gold Mining Simulator,2018-04-24,48.54,24,9 
1189,Red Dead Redemption,2023-11-14,14.09,37,14 
1190,5D Chess With Multiverse Time Travel,2020-08-03,58.42,5,12 
1191,SMASH LEGENDS,2021-10-25,69.69,18,3 
1192,Refunct,2021-10-01,60.35,12,17 
1193,Door Kickers: Action Squad,2022-07-09,16.63,16,38 
1194,DOOM,2018-08-31,26.02,13,7 
1195,Orc Massage,2024-08-30,16.36,35,35 
1196,BlazBlue Centralfiction,2024-05-23,23.32,20,7 
1197,Democracy 3,2017-06-29,12.76,27,24 
1198,Mount & Blade: Warband,2019-12-27,52.74,33,12 
1199,South Park‚Ñ¢: The Stick of Truth‚Ñ¢,2018-05-11,62.23,21,1 
1200,ROMANCE OF THE THREE KINGDOMS XIV,2020-03-28,54.59,35,35 
1201,Assassin's Creed‚Ñ¢: Director's Cut Edition,2023-11-20,23.74,3,16 
1202,60 Seconds! Reatomized,2023-08-09,56.85,32,26 
1203,Loop Hero,2025-03-23,69.32,40,2 
1204,Broforce,2021-08-14,63.39,39,2 
1205,Ori and the Blind Forest,2023-01-02,25.69,34,23 
1206,Darkest Dungeon¬Æ II,2022-07-28,23.84,22,27 
1207,The Escapists 2,2020-06-18,35.55,23,30 
1208,Vampire Survivors,2022-03-26,10.61,28,15 
1209,RoboCop: Rogue City,2019-09-08,33.33,37,21 
1210,F1¬Æ 24,2021-06-18,43.48,19,31 
1211,PickCrafter,2019-09-12,60.53,11,23 
1212,Visage,2022-02-26,27.04,15,30 
1213,SAS: Zombie Assault 4,2022-07-12,29.91,2,36 
1214,Partisans 1941,2018-08-11,21.04,13,5 
1215,Fallout: A Post Nuclear Role Playing Game,2021-01-31,9.24,33,28 
1216,The Turing Test,2023-01-12,46.49,21,35 
1217,There Is No Game: Jam Edition 2015,2019-07-16,12.51,31,19 
1218,Amazing Cultivation Simulator,2020-01-12,16.5,3,33 
1219,GROUND BRANCH,2019-02-03,9.12,8,39 
1220,Stonehearth,2020-06-18,46.07,38,33 
1221,Victoria II,2019-08-06,36.19,24,28 
1222,Nuclear Throne,2023-11-03,14.92,30,4 
1223,Supermarket Together,2023-08-09,16.73,27,3 
1224,DEAD OR ALIVE 5 Last Round: Core Fighters,2017-10-28,68.08,2,20 
1225,VLADiK BRUTAL,2023-04-04,64.43,13,13 
1226,Madden NFL 24,2021-02-04,65.27,26,15 
1227,Command & Conquer‚Ñ¢ Remastered Collection,2024-04-10,39.28,18,17 
1228,Cyber Manhunt,2023-04-13,21.79,19,32 
1229,ATLYSS,2021-08-20,53.53,6,38 
1230,Downwell,2018-11-08,40.53,5,7 
1231,È≠îÂ•≥ÁöÑÂ§úÂÆ¥,2023-11-13,13.7,31,24 
1232,Call of Duty¬Æ: Modern Warfare¬Æ II,2022-12-10,57.69,13,29 
1233,Gloomhaven,2018-08-06,32.16,13,28 
1234,NBA 2K25,2019-01-17,27.82,19,28 
1235,Lunch Lady,2017-07-03,33.53,14,15 
1236,Blockstorm,2020-07-10,13.12,19,31 
1237,Star Conflict,2021-03-19,19.08,11,23 
1238,Homeworld Remastered Collection,2022-09-02,68.21,1,6 
1239,Mafia,2024-02-02,27.55,40,37 
1240,Paladins¬Æ,2022-03-12,48.78,25,30 
1241,STAR WARS‚Ñ¢ Battlefront‚Ñ¢ II,2018-10-09,64.24,33,7 
1242,Forza Motorsport,2023-06-23,54.49,31,27 
1243,Farming Simulator 25,2019-09-09,15.52,20,40 
1244,OCTOPATH TRAVELER‚Ñ¢,2020-09-22,31.72,2,32 
1245,Warhammer 40,000: Darktide,2022-03-16,40.46,6,34
1246,CRSED: Cuisine Royale,2019-05-03,10.11,23,27 
1247,FIVE NIGHTS AT FREDDY'S: HELP WANTED,2020-10-12,25.94,37,22 
1248,NEKOPARA Vol. 0,2023-03-21,61.64,2,9 
1249,War of the Three Kingdoms,2023-04-30,58.43,32,5 
1250,Balatro,2021-10-17,10.59,14,14 
1251,Trine 3: The Artifacts of Power,2017-08-22,10.15,20,24 
1252,Golf It!,2022-12-22,9.06,30,24 
1253,Trailmakers,2022-02-22,52.27,24,29 
1254,American Truck Simulator,2019-07-08,58.83,29,30 
1255,Cat Goes Fishing,2017-08-13,49.3,34,20 
1256,Deceit,2020-09-03,6.29,32,2 
1257,Football Manager 2021,2018-09-21,63.12,8,26 
1258,Internet Cafe Simulator,2023-07-17,9.7,6,25 
1259,The Medium,2020-06-09,13.92,17,14 
1260,The Lord of the Rings: Return to Moria‚Ñ¢,2021-08-16,66.82,10,25 
1261,Day of Defeat: Source,2022-03-15,38.61,4,20 
1262,Airport CEO,2018-01-22,66.98,36,34 
1263,Bless Online,2017-10-23,66.57,18,6 
1264,Into the Radius VR,2020-03-18,45.22,21,17 
1265,Dota Underlords,2023-03-31,25.73,12,5 
1266,MARVEL SNAP,2018-08-29,13.95,14,39 
1267,Trove,2023-12-30,18.18,9,26 
1268,Cuphead,2017-10-03,21.78,5,36 
1269,Age of Darkness: Final Stand,2024-10-12,18.47,37,33 
1270,Emily is Away,2024-02-21,22.48,16,4 
1271,RUINER,2024-11-20,15.88,28,20 
1272,Gauntlet‚Ñ¢ Slayer Edition,2020-06-02,64.51,24,5 
1273,Hero's Land,2020-09-22,24.83,6,20 
1274,Heavy Rain,2023-08-01,31.62,39,21 
1275,Dungeonborne,2018-12-02,45.56,23,13 
1276,Blasphemous 2,2019-08-14,28.79,9,21 
1277,HuniePop 2: Double Date,2019-02-13,19.27,6,16 
1278,Clone Drone in the Danger Zone,2022-07-21,13.04,5,11 
1279,Car Mechanic Simulator 2015,2023-11-03,59.18,5,17 
1280,Children of Morta,2018-09-14,29.2,17,14 
1281,One-armed robber,2024-02-05,16.85,9,8 
1282,CarX Street,2021-10-22,52.03,36,32 
1283,Castle Story,2021-01-25,21.38,7,6 
1284,Stranded Deep,2023-10-09,34.45,15,10 
1285,Dicey Dungeons,2025-04-19,62.45,3,27 
1286,Aragami,2019-07-11,25.65,13,33 
1287,Door Kickers 2: Task Force North,2022-02-12,57.49,27,4 
1288,Vampire: The Masquerade - Bloodlines,2022-04-24,34.4,35,24 
1289,Tom Clancy's Ghost Recon¬Æ Breakpoint,2019-08-15,16.49,9,36 
1290,Streets of Rage 4,2020-02-18,35.6,24,27 
1291,ENDER MAGNOLIA: Bloom in the Mist,2023-03-14,23.31,24,4 
1292,Ravenswatch,2020-10-31,21.86,12,23 
1293,Foxhole,2020-06-28,29.57,38,39 
1294,Tetris¬Æ Effect: Connected,2022-01-11,29.92,14,33 
1295,RaceRoom Racing Experience,2018-05-11,9.05,30,5 
1296,NBA 2K24,2021-02-08,47.3,30,2 
1297,Shadowrun Returns,2024-05-02,34.48,23,29 
1298,Nine Sols,2019-11-09,38.69,30,38 
1299,Farming Simulator 15,2018-07-23,49.19,10,10 
1300,Call of Duty¬Æ: Black Ops II,2018-08-18,55.68,14,9 
1301,DEATH STRANDING DIRECTOR'S CUT,2022-03-29,39.91,26,36 
1302,Starbound,2019-02-10,25.37,27,17 
1303,Police Simulator: Patrol Officers,2021-07-07,39.68,19,8 
1304,Le Mans Ultimate,2018-02-13,55.82,13,10 
1305,Cry of Fear,2024-01-30,65.79,34,3 
1306,Monster Train,2019-04-16,40.92,18,31 
1307,Jalopy,2023-03-19,24.95,21,22 
1308,World of Guns: Gun Disassembly,2025-06-03,61.2,14,29 
1309,SnowRunner,2023-01-11,10.07,28,14 
1310,Minion Masters,2022-08-26,22.3,24,21 
1311,Steel Division 2,2022-05-03,29.91,35,26 
1312,Yakuza Kiwami,2017-07-03,61.32,8,34 
1313,Magicraft,2023-10-20,41.58,8,3 
1314,Bastion,2024-02-25,6.26,28,20 
1315,Raft,2019-09-18,18.62,23,17 
1316,Company of Heroes,2025-06-09,21.96,38,32 
1317,Her Story,2024-06-06,50.8,17,23 
1318,OneShot,2024-09-21,53.76,1,14 
1319,LEGO¬Æ Star Wars‚Ñ¢: The Skywalker Saga,2025-03-13,69.75,22,2 
1320,Internet Cafe Simulator 2,2021-02-03,15.8,11,27 
1321,Summoners War: Chronicles,2018-05-28,8.07,27,12 
1322,The Walking Dead: The Telltale Definitive Series,2018-06-13,59.43,1,31 
1323,Monster Girl Island: Prologue,2023-11-25,50.05,36,25 
1324,Detention,2018-07-08,30.04,16,14 
1325,ORION: Prelude,2022-08-04,14.65,37,7 
1326,Ylands,2022-01-30,61.97,7,7 
1327,BLOCKADE,2020-10-25,60.37,27,38 
1328,Book of Yog Idle RPG,2020-08-17,37.47,37,32 
1329,Before Your Eyes,2025-02-20,5.56,32,17 
1330,Amorous,2017-11-30,6.14,13,2 
1331,Deep Rock Galactic: Survivor,2020-04-24,51.63,23,10 
1332,Iratus: Lord of the Dead,2025-01-11,5.54,1,23 
1333,60 Seconds!,2018-04-16,7.68,40,11 
1334,Chained Echoes,2024-09-17,56.2,5,3 
1335,From the Depths,2022-10-27,11.5,35,24 
1336,Star Fetchers,2022-01-13,58.63,24,39 
1337,Cult of the Lamb,2023-12-02,37.97,30,12 
1338,The Life and Suffering of Sir Brante,2022-11-22,17.57,10,4 
1339,Divinity: Original Sin - Enhanced Edition,2024-06-13,45.89,14,1 
1340,Fallen Earth Classic,2017-10-02,23.32,35,10 
1341,Gems of War - Puzzle RPG,2023-06-19,65.5,28,9 
1342,Beat Saber,2022-06-06,33.35,21,32 
1343,Sonic Mania,2021-10-21,48.03,22,14 
1344,Stronghold: Definitive Edition,2023-03-18,67.22,28,16 
1345,Pathologic 2,2023-07-29,69.4,13,22 
1346,Black Mesa,2018-05-20,68.24,36,12 
1347,A Little to the Left,2017-09-11,17.87,25,20 
1348,Borderlands Game of the Year,2019-03-08,42.31,24,23 
1349,Undisputed Online Beta,2019-04-14,67.67,3,21 
1350,Old School RuneScape,2021-01-12,8.47,28,17 
1351,God of War Ragnar√∂k,2019-04-13,28.21,19,36 
1352,Dungreed,2025-05-01,43.04,8,33 
1353,Zombie Army Trilogy,2020-08-11,25.88,7,14 
1354,Fallout Shelter,2025-03-21,24.41,9,36 
1355,Cosmoteer: Starship Architect & Commander,2020-02-20,38.26,6,20 
1356,Quake Champions,2017-09-16,8.78,34,30 
1357,Tactical Breach Wizards,2024-03-02,13.02,17,4 
1358,The Ascent,2020-12-12,21.3,19,21 
1359,Dr. Langeskov, The Tiger, and The Terribly Cursed Emerald: A Whirlwind Heist,2018-02-18,27.79,33,28
1360,Batman‚Ñ¢: Arkham Origins,2024-10-11,10.79,11,18 
1361,Zup!,2019-04-26,27.19,5,27 
1362,ELEX,2017-08-28,65.3,35,39 
1363,Carto,2017-08-24,36.11,39,38 
1364,STALCRAFT: X,2022-06-14,46.69,27,7 
1365,Hearts of Iron IV,2019-08-30,55.7,27,19 
1366,Undertale,2023-12-21,19.21,1,2 
1367,Ghosts of Tabor,2022-01-27,23.99,28,16 
1368,Far Cry¬Æ Primal,2020-01-04,12.05,28,12 
1369,Far Cry 3 - Blood Dragon,2023-01-11,66.52,37,32 
1370,Black Myth: Wukong,2023-01-29,16.16,30,11 
1371,Noita,2023-06-21,35.81,23,31 
1372,Bloons TD 6,2021-04-25,12.9,31,7 
1373,Outward Definitive Edition,2020-04-28,64.07,38,25 
1374,Alice: Madness Returns,2021-06-14,21.27,4,15 
1375,Planet Coaster 2,2021-04-15,35.65,7,10 
1376,FAITH: The Unholy Trinity,2018-03-28,39.81,7,33 
1377,BlazBlue Entropy Effect,2022-05-07,45.5,5,15 
1378,The Surge 2,2018-10-25,41.05,4,5 
1379,Fate Seeker II,2018-06-09,67.63,13,38 
1380,Mass Effect‚Ñ¢: Andromeda Deluxe Edition,2017-10-26,48.6,40,3 
1381,Tricolour Lovestory,2022-11-13,36.38,22,24 
1382,STAR WARS‚Ñ¢ Knights of the Old Republic‚Ñ¢ II - The Sith Lords‚Ñ¢,2018-09-24,49.14,37,22 
1383,Streets of Rogue,2024-11-07,34.38,33,22 
1384,A Date with Death,2022-02-13,14.25,22,39 
1385,Dead Island 2,2025-01-02,63.97,12,25 
1386,Tropico 4,2021-07-20,49.3,7,30 
1387,Fireworks Mania - An Explosive Simulator,2022-12-18,13.34,17,1 
1388,Farm Together,2017-07-21,62.22,6,39 
1389,Stormgate,2018-12-18,41.33,23,35 
1390,Contagion,2022-08-29,61.82,9,23 
1391,Myth of Empires,2019-11-08,22.77,33,23 
1392,The Elder Scrolls V: Skyrim Special Edition,2020-12-11,7.62,19,24 
1393,Poly Bridge,2017-09-17,12.75,12,23 
1394,Car For Sale Simulator 2023,2021-08-22,68.87,27,21 
1395,Street Fighter V,2019-08-03,69.29,7,39 
1396,Persona 3 Reload,2022-08-24,65.04,27,9 
1397,VA-11 Hall-A: Cyberpunk Bartender Action,2021-07-14,8.39,12,37 
1398,NARUTO SHIPPUDEN: Ultimate Ninja STORM 3 Full Burst HD,2017-12-27,37.27,4,39 
1399,Witch It,2022-06-20,19.71,20,13 
1400,Parkitect,2021-03-25,22.17,7,29 
1401,Yu-Gi-Oh! Master Duel,2023-07-17,12.66,17,28 
1402,Tom Clancy‚Äôs The Division¬Æ 2,2025-05-14,52.92,3,18 
1403,Timberman,2020-04-29,34.92,1,15 
1404,The Test,2020-08-31,47.43,21,8 
1405,The Legend of Heroes: Trails in the Sky,2022-03-18,54.89,22,20 
1406,Control Ultimate Edition,2020-08-18,52.94,7,29 
1407,Sniper Ghost Warrior Contracts 2,2021-07-01,14.59,34,34 
1408,War for the Overworld,2025-01-03,68.76,29,14 
1409,Warhammer: End Times - Vermintide,2018-05-05,23.75,35,10 
1410,Chernobylite Complete Edition,2024-08-10,10.73,10,40 
1411,Night of the Dead,2021-11-28,49.28,31,11 
1412,OpenTTD,2023-06-02,12.87,32,40 
1413,Asphalt Legends Unite,2017-07-27,38.13,18,22 
1414,Scribblenauts Unlimited,2018-06-19,26.85,15,25 
1415,Wizard of Legend,2018-02-22,9.74,18,8 
1416,Hook,2022-10-25,50.07,16,28 
1417,The Vanishing of Ethan Carter,2023-08-09,16.07,9,29 
1418,RWBY: Grimm Eclipse,2021-07-04,32.7,34,5 
1419,Guild Wars 2,2022-01-11,20.96,31,5 
1420,Magic Duels,2018-06-15,43.48,13,3 
1421,Â∑´ÂÖé - KANNAGI USAGI -,2019-03-22,22.7,9,23 
1422,Banished,2024-05-18,17.52,37,30 
1423,theHunter: Call of the Wild‚Ñ¢,2025-04-17,34.31,37,39 
1424,Galactic Civilizations III,2023-12-19,10.94,33,16 
1425,Mad Max,2023-12-23,36.02,24,15 
1426,Fallout 4,2017-08-26,7.43,7,30 
1427,POSTAL: Brain Damaged,2021-01-14,26.97,16,20 
1428,Primal Carnage: Extinction,2018-02-16,16.75,16,1 
1429,Sons Of The Forest,2020-02-28,17.71,5,16 
1430,Garry's Mod,2017-12-15,33.35,2,32 
1431,Move or Die,2018-06-13,21.96,13,27 
1432,Sonic Frontiers,2020-08-31,32.51,28,30 
1433,Men of War: Assault Squad 2,2020-01-05,53.54,22,11 
1434,DREDGE,2021-05-20,23.52,31,17 
1435,Pathfinder: Kingmaker ‚Äî Enhanced Plus Edition,2018-11-27,51.06,9,19 
1436,Leaf Blower Revolution - Idle Game,2021-08-09,16.23,35,33 
1437,Blood of Steel,2021-07-25,26.61,5,21 
1438,Assassin's Creed¬Æ Syndicate,2023-01-19,16.82,22,13 
1439,STEINS GATE 0,2019-06-07,40.8,19,8
1440,EA SPORTS‚Ñ¢ WRC,2024-06-23,16.71,17,31 
1441,Overcooked,2020-05-23,42.06,1,10 
1442,Red Dead Online,2023-12-16,25.39,19,35 
1443,A Hat in Time,2024-03-19,28.61,13,31 
1444,Bloons TD Battles 2,2021-02-25,22.58,3,27 
1445,Risk of Rain (2013),2020-09-29,13.34,21,40 
1446,Child of Light,2017-11-02,10.44,39,27 
1447,HuniePop,2023-08-01,35.41,23,24 
1448,Grimm's Hollow,2024-01-23,53.82,12,8 
1449,Styx: Master of Shadows,2024-06-09,30.44,4,14 
1450,Batman: The Enemy Within - The Telltale Series,2019-01-09,32.07,28,36 
1451,Grand Theft Auto V Legacy,2017-09-25,8.17,26,17 
1452,NEEDY STREAMER OVERLOAD,2022-06-21,11.23,8,25 
1453,Gone Home,2019-02-01,19.65,18,11 
1454,Bright Memory,2022-08-30,25.55,21,5 
1455,For The King II,2025-01-28,69.68,38,34 
1456,Escape the Backrooms,2018-05-30,8.46,21,25 
1457,Evil West,2022-07-08,22.09,1,5 
1458,Enter the Gungeon,2022-10-24,69.7,32,4 
1459,Spelunky 2,2021-04-10,48.92,19,38 
1460,Surviving Mars,2017-09-23,37.09,10,4 
1461,Will To Live Online,2017-12-29,46.98,31,19 
1462,GoreBox,2020-07-17,47.86,40,5 
1463,Sea of Stars,2020-08-28,15.38,17,21 
1464,Super Bunny Man,2021-01-25,14.29,32,7 
1465,Redmatch 2,2021-11-26,21.37,23,33 
1466,Spooky's Jump Scare Mansion,2019-05-09,60.95,28,27 
1467,Sky: Children of the Light,2018-12-15,61.95,39,23 
1468,ICARUS,2022-12-20,46.22,13,14 
1469,Symphony of War: The Nephilim Saga,2020-04-19,48.09,29,23 
1470,Deus Ex: Human Revolution - Director's Cut,2018-05-10,35.24,20,20 
1471,Slay the Princess ‚Äî The Pristine Cut,2024-12-31,33.14,38,25 
1472,Saints Row: Gat out of Hell,2020-09-24,49.06,24,30 
1473,Euro Truck Simulator 2,2022-09-18,65.62,31,21 
1474,Rotwood,2019-10-26,10.69,28,28 
1475,Ultimate Fishing¬Æ Simulator,2020-04-05,11.97,20,36 
1476,Albion Online,2018-04-08,53.66,13,20 
1477,FINAL FANTASY XV WINDOWS EDITION,2022-08-17,56.11,8,30 
1478,Human Fall Flat,2017-09-23,63.28,20,17 
1479,Max Payne 3,2017-10-30,50.78,34,4 
1480,DARK SOULS‚Ñ¢ II,2019-11-24,22.08,10,20 
1481,Punch Club,2022-10-16,37.02,8,5 
1482,Papa's Freezeria Deluxe,2019-12-06,12.82,27,18 
1483,Knowledge, or know Lady,2022-05-18,66.87,8,5
1484,WolfQuest: Anniversary Edition,2017-10-05,26.29,18,25 
1485,Mordheim: City of the Damned,2023-12-31,34.15,15,20 
1486,Valiant Hearts: The Great War‚Ñ¢ / Soldats Inconnus : M√©moires de la Grande Guerre‚Ñ¢,2024-01-19,20.65,39,27 
1487,Riders of Icarus,2020-07-30,52.45,13,22 
1488,Celeste,2022-01-05,25.1,15,5 
1489,A Dance of Fire and Ice,2019-11-18,17.7,15,34 
1490,Automation - The Car Company Tycoon Game,2021-04-13,27.05,19,38 
1491,Mafia II (Classic),2025-06-14,16.46,13,1 
1492,EA SPORTS FC‚Ñ¢ 25,2023-10-13,58.66,23,39 
1493,The Vagrant,2020-09-22,34.29,2,28 
1494,How to Survive 2,2020-03-28,43.87,2,25 
1495,Momodora: Reverie Under The Moonlight,2019-04-08,13.38,1,5 
1496,Pizza Tower,2018-10-17,47.51,15,31 
1497,Fable Anniversary,2019-07-20,36.83,29,7 
1498,The Binding of Isaac: Rebirth,2021-09-17,67.42,35,5 
1499,RimWorld,2019-11-12,55.38,33,10 
1500,Chrono Ark,2021-01-15,8.09,20,27 
1501,Viewfinder,2019-12-04,50.42,40,20 
1502,MONSTER HUNTER RISE,2021-05-26,64.83,33,6 
1503,Verdun,2020-10-13,10.62,40,34 
1504,Hellblade: Senua's Sacrifice,2020-10-07,48.45,14,25 
1505,FINAL FANTASY X/X-2 HD Remaster,2024-08-31,16.98,4,34 
1506,Hero Siege,2021-03-10,62.83,24,34 
1507,RUNNING WITH RIFLES,2020-01-28,28.05,15,5 
1508,Pyre,2020-11-07,32.53,2,23 
1509,Graveyard Keeper,2019-04-04,34.75,31,13 
1510,Sun Haven,2017-11-27,64.93,25,37 
1511,ANIMAL WELL,2023-04-30,53.03,15,31 
1512,Titan Quest Anniversary Edition,2019-11-19,46.94,37,28 
1513,Tom Clancy‚Äôs The Division‚Ñ¢,2017-11-26,45.4,24,38 
1514,Thief Simulator,2021-07-29,63.84,9,13 
1515,Outlast,2018-11-29,48.58,30,29 
1516,ATOM RPG: Post-apocalyptic indie game,2024-09-18,28.89,23,16 
1517,Richman10,2022-09-08,16.54,15,13 
1518,Hacknet,2024-01-02,19.73,10,37 
1519,Far Cry 3,2021-12-14,15.25,28,19 
1520,Backpack Battles,2024-03-22,34.96,9,17 
1521,FINAL FANTASY XII THE ZODIAC AGE,2022-01-29,66.83,38,17 
1522,Reigns,2020-06-30,11.01,16,31 
1523,Ori and the Will of the Wisps,2022-07-19,40.6,27,39 
1524,FINAL FANTASY XIV Online,2022-09-01,26.93,4,30 
1525,Total War: ATTILA,2019-11-26,60.06,29,5 
1526,Home Behind 2,2023-03-31,32.84,2,30 
1527,Blood and Bacon,2024-05-02,20.26,25,5 
1528,Rust,2021-08-11,18.23,19,36 
1529,Orcs Must Die!,2022-06-07,68.94,39,6 
1530,Sayonara Wild Hearts,2023-09-12,28.33,31,4 
1531,Total War: ROME II - Emperor Edition,2022-05-31,44.55,9,12 
1532,DiRT Rally 2.0,2024-09-01,63.12,6,31 
1533,The Past Within,2019-12-26,63.67,23,35 
1534,Watch_Dogs‚Ñ¢,2023-02-02,55.8,27,27 
1535,SD GUNDAM G GENERATION CROSS RAYS,2017-07-19,27.6,10,18 
1536,Zup! X,2018-08-06,40.63,27,26 
1537,ENDLESS‚Ñ¢ Space 2,2023-08-19,27.98,3,37 
1538,Mafia II: Definitive Edition,2021-07-09,62.0,14,33 
1539,No Case Should Remain Unsolved,2024-02-08,23.25,3,13 
1540,Layers of Fear (2016),2019-10-02,23.51,31,4 
1541,The First Descendant,2020-10-01,69.5,36,35 
1542,Slender: The Arrival,2024-05-30,61.6,6,20 
1543,Fernbus Simulator,2022-04-24,61.95,22,10 
1544,Wasteland 3,2023-08-16,62.4,33,6 
1545,Kingdom Rush Vengeance - Tower Defense,2023-10-07,34.74,17,27 
1546,Osiris: New Dawn,2024-09-09,21.23,37,1 
1547,Sniper Ghost Warrior 3,2021-10-21,58.19,18,26 
1548,Moonbase Alpha,2021-01-03,55.48,18,33 
1549,Wobbly Life,2025-03-24,65.08,34,34 
1550,Marie's Room,2023-08-01,7.82,23,10 
1551,Unfortunate Spacemen,2020-07-25,26.36,10,35 
1552,Total Tank Simulator,2024-11-01,49.41,9,34 
1553,Brighter Shores,2018-03-12,15.01,1,1 
1554,Project Hospital,2018-12-27,33.4,32,22 
1555,Clicker Heroes,2023-06-16,23.26,17,1 
1556,Mad Games Tycoon 2,2019-12-23,20.61,21,36 
1557,Digimon Story Cyber Sleuth: Complete Edition,2020-04-11,26.65,39,16 
1558,Nioh: Complete Edition,2018-12-02,51.44,15,25 
1559,Bendy and the Dark Revival,2018-08-14,68.91,39,8 
1560,Guns of Icarus Online,2018-07-15,31.62,25,25 
1561,BattleBit Remastered,2017-09-11,48.82,18,23 
1562,Iron Harvest,2022-05-30,36.21,21,15 
1563,Black Desert,2024-06-10,43.87,31,34 
1564,Call to Arms,2021-10-17,22.97,27,7 
1565,Spiritfarer¬Æ: Farewell Edition,2020-01-18,46.84,30,6 
1566,Life is Strange: True Colors,2024-10-28,68.62,28,33 
1567,WARNO,2020-06-08,54.76,14,19 
1568,Skul: The Hero Slayer,2018-02-10,38.63,27,28 
1569,Sanfu,2022-01-10,6.71,8,3 
1570,Curse of the Dead Gods,2019-01-07,34.55,11,37 
1571,Backpack Hero,2023-03-23,34.0,3,11 
1572,Counter-Strike 2,2023-09-07,50.03,31,28 
1573,Dragon Age‚Ñ¢: The Veilguard,2017-10-09,61.05,20,28 
1574,War Robots,2023-11-20,30.93,9,24 
1575,Assassin‚Äôs Creed¬Æ Rogue,2018-12-03,12.58,19,32 
1576,METAL SLUG 3,2024-01-24,23.82,37,2 
1577,Dead Space‚Ñ¢ 3,2021-04-19,26.35,17,15 
1578,Caliber,2019-10-25,14.79,27,31 
1579,World of Warships,2020-02-20,9.56,23,19 
1580,Lost Ark,2018-09-17,39.69,21,21 
1581,Banner of the Maid,2017-09-15,60.42,30,6 
1582,Might & Magic: Heroes VI,2021-07-23,57.78,12,26 
1583,NEKOPARA Vol. 4,2022-12-19,10.26,29,17 
1584,Kena: Bridge of Spirits,2017-09-13,27.0,32,24 
1585,METAL GEAR RISING: REVENGEANCE,2023-07-15,66.12,20,40 
1586,Century: Age of Ashes,2021-11-01,21.7,25,21 
1587,Cossacks 3,2024-02-05,16.67,10,25 
1588,Frostpunk,2024-11-28,27.7,30,13 
1589,Norland,2019-11-15,9.06,13,17 
1590,Golf With Your Friends,2021-11-17,13.97,32,2 
1591,SILENT HILL 2,2019-01-29,60.49,22,8 
1592,Mindustry,2021-02-03,18.73,8,39 
1593,People Playground,2019-11-06,29.52,38,8 
1594,Half-Life 2: Deathmatch,2022-10-08,40.01,25,36 
1595,Road Redemption,2021-01-29,20.99,39,40 
1596,Neverwinter,2022-10-07,63.67,13,12 
1597,Grim Fandango Remastered,2020-10-31,52.87,21,25 
1598,DJMAX RESPECT V,2023-11-09,8.88,29,12 
1599,Onward,2022-02-07,56.53,7,6 
1600,City Car Driving,2023-07-09,39.24,31,3 
1601,Sniper Elite 3,2022-07-29,57.26,7,23 
1602,Mechabellum,2020-03-23,68.04,16,35 
1603,Hobo: Tough Life,2018-07-01,20.31,13,24 
1604,Hell Let Loose,2021-08-23,20.51,3,16 
1605,Dawn of Man,2022-10-16,28.57,10,13 
1606,Magic: The Gathering Arena,2019-11-26,35.24,20,33 
1607,Wargame: Red Dragon,2021-10-26,39.99,9,26 
1608,EARTH DEFENSE FORCE 5,2020-07-27,41.87,30,8 
1609,State of Decay 2: Juggernaut Edition,2019-07-05,6.5,39,40 
1610,Among Us,2021-12-28,60.98,11,1 
1611,Tap Ninja - Idle game,2021-12-06,26.69,21,19 
1612,Hades,2021-08-30,11.17,4,32 
1613,Poly Bridge 2,2018-02-20,35.68,1,6 
1614,Warhammer 40,000: Rogue Trader,2017-09-10,67.46,5,29
1615,Ê≤≥Ê¥õÁæ§‰ø†ÂÇ≥ (Ho Tu Lo Shu Ôºö The Books of Dragon),2025-01-13,69.29,25,3 
1616,Battlefleet Gothic: Armada 2,2020-10-15,6.73,12,5 
1617,Need for Speed‚Ñ¢ Heat,2021-04-03,32.53,30,5 
1618,Batman: Arkham City - Game of the Year Edition,2017-10-12,25.85,18,4 
1619,Slay the Spire,2018-07-13,6.68,13,26 
1620,shapez,2020-07-28,35.89,13,30 
1621,Slime Rancher,2020-01-20,46.14,32,29 
1622,Scorn,2023-04-28,32.16,13,39 
1623,Sea of Thieves: 2024 Edition,2020-04-12,35.64,1,16 
1624,Gremlins, Inc.,2020-06-13,39.08,30,16
1625,Transformice,2021-02-16,45.22,40,34 
1626,Cassette Beasts,2020-12-28,36.93,3,12 
1627,Death and Taxes,2019-05-11,40.29,34,12 
1628,Cooking Simulator,2020-05-22,6.49,17,3 
1629,Contraband Police,2020-05-09,69.97,39,30 
1630,OUTRIDERS,2019-12-15,34.61,11,22 
1631,Coloring Pixels,2018-03-23,20.15,29,25 
1632,Farlight 84,2022-07-29,30.88,28,17 
1633,GUILTY GEAR -STRIVE-,2024-08-05,62.27,24,14 
1634,Path Of Wuxia,2023-09-11,11.07,10,38 
1635,The Crew‚Ñ¢ 2,2024-01-25,57.45,21,23 
1636,Fear Surrounds,2023-07-09,67.41,34,6 
1637,Sonic Forces,2020-08-07,22.16,31,12 
1638,Batman - The Telltale Series,2022-07-29,16.54,22,9 
1639,Half-Life: Alyx,2021-02-20,34.11,19,32 
1640,Desperados III,2022-02-01,23.17,39,39 
1641,Cube Escape Collection,2024-08-15,39.78,3,9 
1642,Lost Light,2020-03-14,54.48,9,29 
1643,Injustice: Gods Among Us Ultimate Edition,2023-05-20,44.64,29,39 
1644,MY HERO ULTRA RUMBLE,2020-12-15,37.96,22,2 
1645,Bomb Rush Cyberfunk,2020-07-18,63.56,27,24 
1646,Catherine Classic,2019-03-14,53.21,18,23 
1647,SPORE‚Ñ¢ Galactic Adventures,2024-10-15,27.51,33,21 
1648,Cats Hidden in Jingle Jam,2017-11-25,24.44,22,38 
1649,Wolfenstein: The New Order,2017-10-03,23.21,19,27 
1650,Shower With Your Dad Simulator 2015: Do You Still Shower With Your Dad,2024-12-09,53.69,35,34 
1651,Blackwake,2019-08-31,27.22,21,29 
1652,Sleeping Dogs: Definitive Edition,2017-10-06,5.15,32,24 
1653,Cats Hidden in Paris,2024-12-18,67.73,36,13 
1654,Need For Speed: Hot Pursuit,2018-03-16,21.51,28,14 
1655,Gotham Knights,2025-01-11,38.57,22,18 
1656,7 Days to Die,2021-08-31,53.58,19,30 
1657,HUMANKIND‚Ñ¢,2021-06-23,45.92,12,37 
1658,GUILTY GEAR Xrd REV 2,2021-06-11,7.13,1,1 
1659,Imperator: Rome,2024-12-29,58.88,39,30 
1660,Metro: Last Light Redux,2020-03-06,45.89,2,23 
1661,Labyrinthine,2025-06-02,36.68,25,11 
1662,Secrets of Grindea,2017-08-23,18.06,30,30 
1663,Middle-earth‚Ñ¢: Shadow of Mordor‚Ñ¢,2022-09-06,38.16,33,14 
1664,Jump King,2021-10-18,64.66,8,30 
1665,The Walking Dead: Saints & Sinners,2023-02-05,6.55,20,40 
1666,Farmer Against Potatoes Idle,2024-08-14,58.06,6,28 
1667,Pillars of Eternity II: Deadfire,2021-07-23,66.45,5,20 
1668,Besiege,2019-12-12,17.98,15,22 
1669,Ranch Simulator: Build, Hunt, Farm,2021-08-05,53.73,6,6
1670,Gears Tactics,2021-05-16,53.72,19,35 
1671,Stumble Guys,2022-06-27,50.49,20,34 
1672,UnderMine,2022-03-16,47.77,16,24 
1673,Marauders,2019-06-14,54.82,36,12 
1674,The Talos Principle 2,2017-12-17,30.49,37,23 
1675,Resident Evil Village,2024-06-03,24.9,25,19 
1676,Grim Dawn,2020-09-26,44.17,15,17 
1677,Toribash,2024-12-07,14.36,18,36 
1678,AdVenture Capitalist,2021-01-09,12.14,24,36 
1679,Halo Infinite,2022-08-11,33.0,35,26 
1680,Blazing Sails,2020-05-07,32.04,7,24 
1681,Codename CURE,2022-10-21,28.67,7,17 
1682,Tell Me Why,2021-01-15,54.13,32,8 
1683,Need for Speed‚Ñ¢,2022-01-27,11.03,34,8 
1684,‰æ†ÂÆ¢È£é‰∫ë‰º†(Tale of Wuxia),2023-02-10,65.12,22,29 
1685,God of War,2023-07-09,34.81,4,40 
1686,FINAL FANTASY VII REMAKE INTERGRADE,2023-11-06,69.68,38,19 
1687,Call of Duty¬Æ: Ghosts,2023-12-01,9.11,10,13 
1688,Metro 2033 Redux,2017-07-01,22.17,32,33 
1689,Cat Quest,2021-04-18,37.29,3,36 
1690,World War Z,2021-10-01,67.51,6,34 
1691,IL-2 Sturmovik: Battle of Stalingrad,2021-09-25,14.88,2,20 
1692,Phasmophobia,2023-08-21,13.26,11,31 
1693,ARK: Survival Evolved,2022-05-30,23.59,36,22 
1694,Palworld,2019-01-04,5.99,14,28 
1695,Age of Empires III: Definitive Edition,2022-06-26,28.77,23,34 
1696,Borderlands: The Pre-Sequel,2023-09-04,53.59,16,39 
1697,Sanctum 2,2018-01-28,53.8,33,23 
1698,Russian Fishing 4,2017-09-11,12.09,8,13 
1699,Heroes¬Æ of Might & Magic¬Æ III - HD Edition,2023-01-23,6.25,17,40 
1700,Potionomics,2023-04-06,31.32,22,23 
1701,Cities: Skylines II,2024-02-07,23.68,17,13 
1702,Stick Fight: The Game,2019-07-30,43.07,20,33 
1703,Battle Brothers,2018-10-11,64.67,13,37 
1704,The Evil Within,2022-07-28,20.29,11,2 
1705,Persona 4 Golden,2021-08-23,14.03,29,6 
1706,Kenshi,2022-07-31,52.26,10,10 
1707,CODE VEIN,2021-07-01,34.31,5,26 
1708,Life is Feudal: MMO,2020-06-29,19.34,11,5 
1709,Saints Row: The Third,2025-02-02,65.32,16,14 
1710,No One Survived,2019-11-30,65.28,29,3 
1711,Shop Titans,2023-10-07,69.44,40,11 
1712,BONEWORKS,2017-08-02,41.82,24,23 
1713,Nodebuster,2020-09-17,62.58,28,28 
1714,Workers & Resources: Soviet Republic,2024-10-27,5.54,24,28 
1715,Doki Doki Literature Club Plus!,2024-05-29,16.16,19,10 
1716,Disney Speedstorm Closed Beta,2024-11-11,9.38,27,25 
1717,EVE Online,2021-10-18,17.11,23,28 
1718,ENDLESS‚Ñ¢ Space - Definitive Edition,2021-02-10,65.71,9,10 
1719,Jurassic World Evolution 2,2020-06-16,65.46,19,24 
1720,Ratchet & Clank: Rift Apart,2020-02-25,8.75,27,3 
1721,SimplePlanes,2020-09-17,42.49,11,11 
1722,Call of Duty¬Æ: Infinite Warfare,2020-01-11,39.32,4,37 
1723,Indiana Jones and the Great Circle,2019-08-26,48.15,22,34 
1724,Stormworks: Build and Rescue,2021-07-15,41.27,33,10 
1725,Storyteller,2024-09-25,22.19,17,31 
1726,Breeders of the Nephelym: Alpha,2019-05-05,27.31,2,3 
1727,Pillars of Eternity,2023-06-05,62.06,37,27 
1728,Rivals of Aether,2024-08-31,10.01,2,11 
1729,Conan Exiles,2020-01-09,40.68,27,8 
1730,Manor Lords,2021-08-30,68.52,8,36 
1731,Going Medieval,2023-05-03,66.68,40,17 
1732,The Walking Dead: Season Two,2023-04-16,7.54,27,19 
1733,Love Is All Around,2024-01-14,17.63,26,38 
1734,Rise of Nations: Extended Edition,2020-12-23,18.96,21,29 
1735,JoJo's Bizarre Adventure: All-Star Battle R,2020-12-30,13.63,33,5 
1736,Mr.Mine,2023-01-05,31.56,3,6 
1737,The Room,2021-06-18,32.71,22,2 
1738,The Dark Pictures Anthology: Man of Medan,2021-01-22,24.71,22,28 
1739,Valkyria Chronicles‚Ñ¢,2019-07-24,18.55,28,32 
1740,Volcanoids,2021-12-08,19.37,12,28 
1741,Kindergarten,2022-05-20,58.91,9,23 
1742,Bright Memory: Infinite,2025-04-02,21.6,15,25 
1743,Temtem,2022-09-08,7.63,39,12 
1744,Unheard - Voices of Crime,2022-10-05,19.86,2,12 
1745,Pikuniku,2023-09-07,48.1,29,10 
1746,ÁôæÈ¨ºÂõæÈâ¥-ÂõΩÈ£é.ÊåÇÊú∫.Âç°Áâå.Ê∏∏Êàè,2022-05-07,43.4,37,2 
1747,Lords of the Fallen,2022-01-10,29.68,21,31 
1748,OMSI 2: Steam Edition,2018-06-15,34.69,21,30 
1749,SONIC X SHADOW GENERATIONS,2020-12-07,39.22,38,33 
1750,A Plague Tale: Requiem,2022-03-28,38.7,17,25 
1751,SIGNALIS,2023-03-25,5.21,20,36 
1752,Who's Your Daddy?!,2021-01-03,21.02,27,1 
1753,WARMODE,2017-08-12,34.51,9,15 
1754,Car Mechanic Simulator 2018,2023-07-12,32.43,1,12 
1755,Rocket League¬Æ,2020-08-20,56.8,34,1 
1756,Omega Strikers,2025-05-06,30.94,24,6 
1757,Xuan-Yuan Sword VII,2024-01-05,23.46,14,10 
1758,Tokyo Xtreme Racer,2023-07-05,40.68,13,34 
1759,Pummel Party,2018-10-12,26.71,35,27 
1760,The Surge,2018-09-04,26.43,36,29 
1761,Dying Light,2021-05-11,48.35,22,1 
1762,UNCHARTED‚Ñ¢: Legacy of Thieves Collection,2018-03-07,68.23,21,6 
1763,Fear & Hunger,2018-09-30,49.9,27,28 
1764,UNO,2022-04-22,63.25,39,32 
1765,Wayfinder,2019-12-15,62.59,14,5 
1766,Apex Legends‚Ñ¢,2023-10-08,42.75,4,6 
1767,DAVE THE DIVER,2022-10-10,57.21,26,15 
1768,Maneater,2018-09-24,5.24,22,39 
1769,Crush Crush,2021-03-14,50.12,10,2 
1770,Kingdom Two Crowns,2020-12-14,38.56,5,37 
1771,Prominence Poker,2021-12-18,5.66,14,40 
1772,Lucy -The Eternity She Wished For-,2022-03-24,25.98,20,13 
1773,Everhood,2018-10-29,57.33,14,12 
1774,Stray,2022-06-14,33.37,12,14 
1775,Dungeons & Dragons Online¬Æ,2021-10-18,6.21,9,34 
1776,Planet Zoo,2024-06-28,58.88,8,18 
1777,Rebel Galaxy,2018-01-23,51.54,32,29 
1778,Bad North: Jotunn Edition,2021-08-10,45.96,7,40 
1779,Battlefield 3‚Ñ¢,2023-02-23,16.15,28,16 
1780,Dungeon of the ENDLESS‚Ñ¢,2019-03-10,45.48,5,15 
1781,Red Dead Redemption 2,2017-07-21,43.04,20,7 
1782,FINAL FANTASY XVI,2022-01-11,55.95,28,1 
1783,TOGETHER BnB,2023-08-15,11.97,2,18 
1784,Monster Sanctuary,2021-09-28,51.12,36,40 
1785,Salt and Sanctuary,2019-07-03,18.38,31,40 
1786,Thronefall,2019-05-25,24.72,35,7 
1787,PUBG: BATTLEGROUNDS,2024-11-21,19.33,17,36 
1788,Grand Theft Auto: San Andreas ‚Äì The Definitive Edition,2023-04-27,20.16,19,35 
1789,Tiny Tina's Wonderlands,2021-05-07,28.67,30,10 
1790,Terminator: Resistance,2018-08-27,33.93,32,20 
1791,Subverse,2019-04-19,62.85,21,25 
1792,Car Mechanic Simulator 2021,2022-09-25,19.2,7,4 
1793,Factorio,2019-08-22,57.89,28,39 
1794,Football Manager 2024,2025-03-25,64.7,8,40 
1795,EA SPORTS FC‚Ñ¢ 24,2021-06-13,69.18,23,21 
1796,HELLDIVERS‚Ñ¢ 2,2019-04-14,6.87,22,9 
1797,TROUBLESHOOTER: Abandoned Children,2019-08-29,69.4,6,10 
1798,Blush Blush,2024-09-17,24.06,40,2 
1799,Watch_Dogs¬Æ 2,2020-10-10,34.74,21,29 
1800,Little Nightmares,2021-09-15,21.5,4,37 
1801,Idle Champions of the Forgotten Realms,2021-08-11,25.51,20,20 
1802,Need for Speed‚Ñ¢ Unbound,2023-09-25,6.01,39,38 
1803,Firewatch,2023-06-27,36.17,16,1 
1804,Pixel Gun 3D: PC Edition,2022-08-21,40.32,33,11 
1805,L.A. Noire,2022-09-27,49.79,36,37 
1806,Warhammer 40,000: Gladius - Relics of War,2021-12-13,15.96,12,32
1807,Sheepy: A Short Adventure,2023-12-30,19.66,10,14 
1808,Warface: Clutch,2022-01-27,9.29,40,33 
1809,The Elder Scrolls V: Skyrim,2019-07-11,46.29,2,35 
1810,Sifu,2024-12-11,9.64,25,18 
1811,The Long Dark,2019-08-16,33.26,12,37 
1812,Alien Swarm: Reactive Drop,2018-04-11,35.71,15,18 
1813,War of Rights,2024-05-11,25.66,26,19 
1814,Anomaly Agent,2022-04-21,64.08,8,35 
1815,Bomber Crew,2024-06-30,58.6,18,23 
1816,Street Fighter‚Ñ¢ 6,2023-11-27,16.95,14,17 
1817,The Song of Saya,2019-01-18,22.45,10,37 
1818,Euro Truck Simulator,2019-05-14,42.25,29,12 
1819,The Isle,2022-05-25,54.5,6,20 
1820,Green Hell,2018-09-14,65.99,35,10 
1821,Backrooms: Escape Together,2018-04-28,7.26,8,21 
1822,Hand of Fate,2019-04-03,13.72,3,5 
1823,Resident Evil 0,2019-04-17,7.31,36,15 
1824,‰∏úÂåó‰πãÂ§è,2024-09-11,35.85,24,40 
1825,Pixel Strike 3D,2019-04-19,42.14,40,40 
1826,Sniper Elite 4,2023-05-06,11.85,36,22 
1827,Beasts of Bermuda,2023-05-19,18.26,38,17 
1828,Papers, Please,2024-02-04,26.74,20,30
1829,Crysis 2 - Maximum Edition,2018-11-09,44.78,24,21 
1830,GORN,2022-10-08,50.2,26,1 
1831,Coffee Talk,2017-09-03,57.05,4,11 
1832,Subnautica: Below Zero,2017-12-19,69.99,7,40 
1833,LoveChoice,2020-03-04,43.74,6,31 
1834,Last Oasis,2022-09-29,55.99,6,7 
1835,Tomb Raider,2019-10-07,11.33,38,11 
1836,Fishing Planet,2020-05-14,59.75,11,1 
1837,Vampire: The Masquerade - Bloodhunt,2023-02-03,56.64,29,12 
1838,Retrowave,2020-02-19,65.53,24,12 
1839,Kingdom Rush 5: Alliance TD,2018-06-11,35.5,37,38 
1840,Late Shift,2018-03-16,41.38,27,20 
1841,Darkest Dungeon¬Æ,2019-01-20,43.26,30,20 
1842,Plants vs. Zombies: Battle for Neighborville‚Ñ¢,2020-04-29,38.91,14,14 
1843,Yakuza: Like a Dragon,2020-11-29,17.07,4,25 
1844,HoloCure - Save the Fans!,2023-07-04,29.72,39,7 
1845,Totally Accurate Battlegrounds,2018-04-19,20.94,28,36 
1846,Game of Thrones - A Telltale Games Series,2019-04-10,39.75,31,14 
1847,Vigor,2022-05-14,68.58,25,37 
1848,LEGO¬Æ Batman‚Ñ¢ 3: Beyond Gotham,2019-03-19,36.24,37,23 
1849,Poppy Playtime,2020-02-08,54.47,14,23 
1850,Bus Simulator 18,2020-03-13,50.0,4,8 
1851,Mafia: Definitive Edition,2020-10-14,54.48,34,19 
1852,Call of Duty¬Æ: WWII,2017-10-02,12.89,28,32 
1853,Dying Light 2 Stay Human: Reloaded Edition,2025-02-02,19.29,22,23 
1854,Fear & Hunger 2: Termina,2024-02-11,42.21,3,21 
1855,The Forgotten City,2022-06-23,56.41,32,18 
1856,Youtubers Life,2022-09-24,35.71,1,16 
1857,NARUTO TO BORUTO: SHINOBI STRIKER,2020-03-02,24.55,38,19 
1858,Bitburner,2017-11-20,59.39,28,32 
1859,Yakuza 0,2019-06-19,41.91,39,33 
1860,LEGO¬Æ Marvel‚Ñ¢ Super Heroes,2018-09-07,69.13,4,26 
1861,Brothers - A Tale of Two Sons,2018-07-22,29.18,22,23 
1862,Disney Speedstorm,2025-01-19,65.36,15,17 
1863,Horizon Zero Dawn‚Ñ¢ Complete Edition,2020-06-27,38.69,11,23 
1864,Doki Doki Literature Club!,2024-09-18,55.16,11,10 
1865,Tower of Fantasy,2017-08-13,24.63,27,30 
1866,Iron Snout,2024-07-12,10.41,34,29 
1867,Baldur's Gate 3,2018-11-25,5.87,34,30 
1868,Nioh 2 ‚Äì The Complete Edition,2025-05-05,27.56,27,13 
1869,SuchArt: Creative Space,2017-10-04,41.98,29,4 
1870,Team Fortress Classic,2022-12-27,16.78,23,35 
1871,Murders on the Yangtze River,2023-06-30,66.82,6,8 
1872,Wreckfest,2020-01-15,35.58,14,36 
1873,Pseudoregalia,2023-08-18,66.65,8,27 
1874,Flashing Lights - Police, Firefighting, Emergency Services (EMS) Simulator,2022-11-12,18.27,40,12
1875,V Rising,2025-05-17,57.22,16,23 
1876,Company of Heroes 3,2022-04-21,47.06,14,35 
1877,Shadow Warrior,2020-07-14,45.34,33,28 
1878,Enlisted,2020-08-08,10.15,11,3 
1879,BIGFOOT,2021-07-20,58.73,15,28 
1880,F.E.A.R.,2019-10-13,31.49,32,35 
1881,Mon Bazou,2017-10-21,69.22,14,26 
1882,Starship Troopers: Terran Command,2021-05-19,63.89,29,14 
1883,Another Crab's Treasure,2020-01-29,49.37,12,6 
1884,Day of Infamy,2022-11-10,26.43,16,23 
1885,The Last Campfire,2021-10-26,59.85,12,29 
1886,State of Decay,2020-02-10,64.74,38,17 
1887,The Binding of Isaac,2024-03-05,52.51,7,12 
1888,PANICORE,2024-05-30,7.03,27,6 
1889,Hunt: Showdown 1896,2021-11-23,50.85,29,26 
1890,Ghostwire: Tokyo,2023-03-16,41.7,11,4 
1891,NieR:Automata‚Ñ¢,2024-09-26,52.97,9,25 
1892,House of Detention,2020-01-14,50.15,16,16 
1893,Beyond: Two Souls,2018-04-09,57.07,1,32 
1894,Iron Lung,2020-12-15,19.45,17,12 
1895,Metal: Hellsinger,2018-05-15,30.13,4,10 
1896,Hotline Miami 2: Wrong Number,2021-09-29,29.43,31,5 
1897,The Guild 3,2023-08-17,42.87,11,29 
1898,An alt girl for skoof,2022-11-08,49.85,21,16 
1899,MX Bikes,2021-06-14,28.93,40,39 
1900,Donut County,2021-12-20,30.1,34,33 
1901,Hyperdimension Neptunia Re Birth1,2017-07-06,17.15,21,27
1902,Dragon's Dogma: Dark Arisen,2023-09-07,20.79,25,31 
1903,Disney Dreamlight Valley,2020-03-28,47.93,16,3 
1904,Dino D-Day,2020-10-24,38.18,39,23 
1905,Monster Prom,2020-05-02,53.26,5,2 
1906,Planet Explorers,2024-10-06,34.11,29,5 
1907,Samsara Room,2025-01-19,46.7,39,13 
1908,Songs of Conquest,2017-08-29,31.57,37,29 
1909,Valheim,2022-01-04,62.92,4,14 
1910,Arrow a Row,2021-05-29,12.83,21,26 
1911,The Texas Chain Saw Massacre,2024-02-23,49.52,5,31 
1912,The Exit 8,2019-07-06,23.47,35,38 
1913,Bendy and the Ink Machine,2018-09-20,47.35,2,33 
1914,Forager,2024-10-16,24.88,14,14 
1915,Tanki Online,2021-01-07,10.62,20,25 
1916,Path of Exile 2,2020-02-09,52.99,29,17 
1917,ÁæéÂ∞ëÂ•≥ÊàòÂß¨-‰∫åÊ¨°ÂÖÉ.Âç°Áâå.ÂÖªÊàê.Ê∏∏Êàè,2018-11-24,11.49,21,16 
1918,Hogwarts Legacy,2018-06-10,54.68,24,18 
1919,Yu-Gi-Oh! Duel Links,2021-05-19,62.59,28,39 
1920,NGU IDLE,2022-03-31,54.17,30,17 
1921,XERA: Survival,2018-02-21,7.51,10,12 
1922,DOOM + DOOM II,2023-11-09,50.13,13,7 
1923,Monster Hunter Wilds,2019-11-11,68.24,27,20 
1924,Battlefield 4‚Ñ¢,2019-11-02,31.33,33,24 
1925,ASTRONEER,2021-02-15,27.81,3,37 
1926,Portal Knights,2025-04-24,61.17,34,29 
1927,Chill Corner,2020-11-20,24.06,4,11 
1928,GTFO,2017-10-05,25.31,12,38 
1929,The Wolf Among Us,2021-05-10,50.87,30,39 
1930,Dark and Light,2021-09-06,59.18,35,9 
1931,Worms W.M.D,2022-04-14,32.71,27,33 
1932,The Final Station,2025-05-25,8.39,18,5 
1933,Zero Hour,2023-05-30,18.23,18,19 
1934,Saints Row IV: Re-Elected,2023-12-01,63.48,26,14 
1935,Stronghold Crusader 2,2022-09-06,58.97,13,15 
1936,Farming Simulator 17,2025-03-09,28.4,19,11 
1937,Fallout 76,2019-03-25,53.25,13,24 
1938,Kerbal Space Program,2020-06-27,22.82,1,7 
1939,FINAL FANTASY IX,2020-11-29,31.36,32,36 
1940,Devil May Cry 5,2025-03-06,50.46,35,38 
1941,ULTRAKILL,2022-08-23,35.2,11,6 
1942,Outer Wilds,2023-08-11,54.19,17,40 
1943,Cyberpunk 2077,2025-04-15,69.38,32,7 
1944,A Short Hike,2023-07-14,33.5,6,19 
1945,Little Witch in the Woods,2023-12-18,18.55,4,2 
1946,Gear Up,2017-12-02,37.51,18,6 
1947,Goat Simulator 3,2025-03-25,54.21,8,20 
1948,Starship Troopers: Extermination,2020-04-27,48.87,29,34 
1949,Halls of Torment,2019-12-16,60.24,33,40 
1950,The Lord of the Rings Online‚Ñ¢,2025-01-03,59.47,14,17 
1951,È¨ºË∞∑ÂÖ´Ëçí Tale of Immortal,2021-09-08,47.47,5,7 
1952,Predecessor,2017-08-21,60.14,5,1 
1953,The Darkness II,2021-09-24,6.54,34,2 
1954,eFootball‚Ñ¢,2024-04-04,40.52,25,36 
1955,Tower Unite,2018-10-24,47.41,7,3 
1956,Your Only Move Is HUSTLE,2017-09-17,58.51,19,38 
1957,Realm Grinder,2022-06-08,62.3,35,3 
1958,Have a Nice Death,2021-12-10,48.66,20,25 
1959,House Flipper,2024-11-30,65.29,9,39 
1960,Kingdoms and Castles,2018-08-06,6.71,24,34 
1961,Hand Simulator,2023-09-12,56.93,39,33 
1962,Friday the 13th: Killer Puzzle,2019-06-07,60.56,4,3 
1963,AdventureQuest 3D,2023-07-29,62.35,14,26 
1964,Bodycam,2019-03-24,48.68,9,35 
1965,The Way of Life Free Edition,2021-11-26,62.92,3,34 
1966,Devil Daggers,2019-01-31,47.71,30,30 
1967,Little Nightmares II,2024-02-05,25.31,21,30 
1968,Anime Girls - gacha game,2020-08-09,14.33,16,17 
1969,Castlevania: Lords of Shadow ‚Äì Ultimate Edition,2023-01-23,46.09,3,33 
1970,Manifold Garden,2024-01-15,5.54,15,18 
1971,THE LONGING,2024-11-28,45.22,10,22 
1972,Assassin's Creed¬Æ Origins,2021-08-19,30.57,19,18 
1973,DYSMANTLE,2022-05-12,25.15,12,14 
1974,Neon Beats,2022-11-23,54.71,30,40 
1975,Mafia III: Definitive Edition,2019-11-02,39.33,4,40 
1976,Moonlighter,2021-06-01,66.92,36,16 
1977,Art of War: Red Tides,2018-02-05,57.64,35,31 
1978,CarX Drift Racing Online,2022-02-16,35.08,8,38 
1979,Dungeons 3,2022-11-05,61.83,36,17 
1980,Devil May Cry HD Collection,2024-05-13,9.69,9,25 
1981,Secret World Legends,2024-04-04,60.23,26,36 
1982,SUNLESS SEA,2025-03-29,42.28,38,12 
1983,Limbus Company,2020-01-22,32.32,33,2 
1984,Evolve Stage 2,2022-06-08,61.05,17,3 
1985,Remnant: From the Ashes,2025-01-07,34.25,3,33 
1986,Age of Empires IV Technical Stress Test,2024-08-23,10.43,19,37 
1987,Deus Ex: Mankind Divided,2021-09-04,15.73,31,36 
1988,Relic Hunters Zero: Remix,2020-02-13,32.62,22,18 
1989,Dungeon Munchies,2017-11-27,52.97,27,31 
1990,For The King,2025-06-21,8.61,25,22 
1991,Frostpunk 2,2018-07-19,45.87,8,18 
1992,Door Kickers,2023-02-09,17.46,2,21 
1993,KurtzPel,2023-07-28,63.34,10,34 
1994,Wandering Sword,2021-02-13,29.28,12,36 
1995,LEGO¬Æ Jurassic World,2024-02-29,6.66,4,25 
1996,Gunpoint,2021-11-03,50.43,5,36 
1997,Hatsune Miku: Project DIVA Mega Mix+,2019-11-16,36.69,1,24 
1998,Party Hard,2024-11-09,18.02,31,23 
1999,Gorilla Tag,2019-01-09,42.05,11,8 
2000,Detroit: Become Human,2024-12-12,31.75,25,6 
